OrderNumber,LineItem,OrderDate,DeliveryDate,CustomerKey,StoreKey,ProductKey,Quantity,CurrencyCode,Exchange
366000,1,"2016-01-01 00:00:00","2020-01-06 00:00:00",265598,10,1304,1,CAD,1.2976
366001,1,"2016-01-01 00:00:00","2016-01-13 00:00:00",1269051,0,1048,2,USD,1
366001,2,"2016-01-01 00:00:00","2016-01-13 00:00:00",1269051,0,2007,1,USD,1
366002,1,"2016-01-01 00:00:00","2016-01-12 00:00:00",266019,0,1106,7,CAD,1.4184
366002,2,"2016-01-01 00:00:00","2016-01-12 00:00:00",266019,0,373,1,CAD,1.4184
366002,3,"2016-01-01 00:00:00","2016-01-12 00:00:00",266019,0,1080,4,CAD,1.4184
366004,1,"2016-01-01 00:00:00","2020-01-06 00:00:00",1107461,38,163,6,GBP,0.7613
366004,2,"2016-01-01 00:00:00","2020-01-06 00:00:00",1107461,38,1529,2,GBP,0.7613
366005,1,"2016-01-01 00:00:00","2020-01-06 00:00:00",844003,33,421,4,EUR,0.8933
366007,1,"2016-01-01 00:00:00","2020-01-06 00:00:00",2035771,43,1617,1,USD,1
366007,2,"2016-01-01 00:00:00","2020-01-06 00:00:00",2035771,43,666,5,USD,1
366008,1,"2016-01-01 00:00:00","2020-01-06 00:00:00",759705,29,1154,9,EUR,0.8933
366008,2,"2016-01-01 00:00:00","2020-01-06 00:00:00",759705,29,2510,1,EUR,0.8933
366008,3,"2016-01-01 00:00:00","2020-01-06 00:00:00",759705,29,1060,5,EUR,0.8933
366009,1,"2016-01-01 00:00:00","2020-01-06 00:00:00",254540,9,1648,1,CAD,1.2976
366010,1,"2016-01-01 00:00:00","2016-01-08 00:00:00",370077,0,618,5,CAD,1.4106
366011,1,"2016-01-01 00:00:00","2020-01-06 00:00:00",1984985,66,128,7,USD,1
366011,2,"2016-01-01 00:00:00","2020-01-06 00:00:00",1984985,66,1638,1,USD,1
366011,3,"2016-01-01 00:00:00","2020-01-06 00:00:00",1984985,66,1634,1,USD,1
366011,4,"2016-01-01 00:00:00","2020-01-06 00:00:00",1984985,66,2392,3,USD,1
366012,1,"2016-01-01 00:00:00","2020-01-06 00:00:00",1977527,65,1807,1,USD,1
366012,2,"2016-01-01 00:00:00","2020-01-06 00:00:00",1977527,65,1594,4,USD,1
366012,3,"2016-01-01 00:00:00","2020-01-06 00:00:00",1977527,65,1297,1,USD,1
366013,1,"2016-01-01 00:00:00","2020-01-06 00:00:00",1187306,41,1654,5,GBP,0.7613
366014,1,"2016-01-01 00:00:00","2016-01-06 00:00:00",738549,0,123,1,EUR,0.9309
366014,2,"2016-01-01 00:00:00","2016-01-06 00:00:00",738549,0,1700,2,EUR,0.9309
366016,1,"2016-01-01 00:00:00","2020-01-06 00:00:00",1982762,63,1253,7,USD,1
367000,1,"2016-01-02 00:00:00","2020-01-06 00:00:00",1438050,56,1176,1,USD,1
367003,1,"2016-01-02 00:00:00","2020-01-06 00:00:00",980164,40,153,2,GBP,0.7613
367004,1,"2016-01-02 00:00:00","2020-01-06 00:00:00",1853699,56,136,1,USD,1
367004,2,"2016-01-02 00:00:00","2020-01-06 00:00:00",1853699,56,1637,4,USD,1
367005,1,"2016-01-02 00:00:00","2016-01-10 00:00:00",758280,0,1691,1,EUR,0.9207
367005,2,"2016-01-02 00:00:00","2016-01-10 00:00:00",758280,0,319,2,EUR,0.9207
367005,3,"2016-01-02 00:00:00","2016-01-10 00:00:00",758280,0,1674,8,EUR,0.9207
367005,4,"2016-01-02 00:00:00","2016-01-10 00:00:00",758280,0,2511,9,EUR,0.9207
367005,5,"2016-01-02 00:00:00","2016-01-10 00:00:00",758280,0,1720,2,EUR,0.9207
367005,6,"2016-01-02 00:00:00","2016-01-10 00:00:00",758280,0,1597,7,EUR,0.9207
367005,7,"2016-01-02 00:00:00","2016-01-10 00:00:00",758280,0,784,1,EUR,0.9207
367006,1,"2016-01-02 00:00:00","2020-01-06 00:00:00",693285,18,2445,3,EUR,0.8933
367007,1,"2016-01-02 00:00:00","2020-01-06 00:00:00",1730985,57,65,7,USD,1
367007,2,"2016-01-02 00:00:00","2020-01-06 00:00:00",1730985,57,1432,9,USD,1
367008,1,"2016-01-02 00:00:00","2020-01-06 00:00:00",763246,28,1951,3,EUR,0.8933
367009,1,"2016-01-02 00:00:00","2020-01-06 00:00:00",1512558,57,934,1,USD,1
367009,2,"2016-01-02 00:00:00","2020-01-06 00:00:00",1512558,57,930,8,USD,1
367009,3,"2016-01-02 00:00:00","2020-01-06 00:00:00",1512558,57,1436,5,USD,1
367009,4,"2016-01-02 00:00:00","2020-01-06 00:00:00",1512558,57,1547,3,USD,1
367009,5,"2016-01-02 00:00:00","2020-01-06 00:00:00",1512558,57,53,5,USD,1
367010,1,"2016-01-02 00:00:00","2020-01-06 00:00:00",1322959,66,917,1,USD,1
367010,2,"2016-01-02 00:00:00","2020-01-06 00:00:00",1322959,66,39,1,USD,1
367011,1,"2016-01-02 00:00:00","2020-01-06 00:00:00",507981,22,39,1,EUR,0.8933
367012,1,"2016-01-02 00:00:00","2020-01-06 00:00:00",209990,9,1653,5,CAD,1.2976
367012,2,"2016-01-02 00:00:00","2020-01-06 00:00:00",209990,9,145,3,CAD,1.2976
367013,1,"2016-01-02 00:00:00","2020-01-06 00:00:00",815458,31,1733,2,EUR,0.8933
367013,2,"2016-01-02 00:00:00","2020-01-06 00:00:00",815458,31,41,6,EUR,0.8933
367014,1,"2016-01-02 00:00:00","2020-01-06 00:00:00",1839627,56,1184,3,USD,1
367015,1,"2016-01-02 00:00:00","2020-01-06 00:00:00",911025,42,2296,7,GBP,0.7613
367016,1,"2016-01-02 00:00:00","2020-01-06 00:00:00",1633409,63,1487,1,USD,1
367016,2,"2016-01-02 00:00:00","2020-01-06 00:00:00",1633409,63,558,7,USD,1
367016,3,"2016-01-02 00:00:00","2020-01-06 00:00:00",1633409,63,206,3,USD,1
367017,1,"2016-01-02 00:00:00","2020-01-06 00:00:00",1612400,47,1203,4,USD,1
367018,1,"2016-01-02 00:00:00","2020-01-06 00:00:00",1301565,59,1245,2,USD,1
367018,2,"2016-01-02 00:00:00","2020-01-06 00:00:00",1301565,59,1973,4,USD,1
367018,3,"2016-01-02 00:00:00","2020-01-06 00:00:00",1301565,59,731,4,USD,1
367019,1,"2016-01-02 00:00:00","2020-01-06 00:00:00",793573,29,1947,2,EUR,0.8933
367019,2,"2016-01-02 00:00:00","2020-01-06 00:00:00",793573,29,1645,7,EUR,0.8933
367019,3,"2016-01-02 00:00:00","2020-01-06 00:00:00",793573,29,371,7,EUR,0.8933
367020,1,"2016-01-02 00:00:00","2020-01-06 00:00:00",799366,29,448,6,EUR,0.8933
367020,2,"2016-01-02 00:00:00","2020-01-06 00:00:00",799366,29,1975,1,EUR,0.8933
367021,1,"2016-01-02 00:00:00","2020-01-06 00:00:00",243917,10,1445,4,CAD,1.2976
367021,2,"2016-01-02 00:00:00","2020-01-06 00:00:00",243917,10,1624,6,CAD,1.2976
367021,3,"2016-01-02 00:00:00","2020-01-06 00:00:00",243917,10,1615,2,CAD,1.2976
367022,1,"2016-01-02 00:00:00","2020-01-06 00:00:00",942807,42,1596,1,GBP,0.7613
367022,2,"2016-01-02 00:00:00","2020-01-06 00:00:00",942807,42,1253,7,GBP,0.7613
367022,3,"2016-01-02 00:00:00","2020-01-06 00:00:00",942807,42,663,3,GBP,0.7613
367022,4,"2016-01-02 00:00:00","2020-01-06 00:00:00",942807,42,1194,6,GBP,0.7613
367023,1,"2016-01-02 00:00:00","2020-01-06 00:00:00",129318,2,1139,5,AUD,1.44
367023,2,"2016-01-02 00:00:00","2020-01-06 00:00:00",129318,2,1031,2,AUD,1.44
367024,1,"2016-01-02 00:00:00","2020-01-06 00:00:00",1713253,50,302,8,USD,1
367024,2,"2016-01-02 00:00:00","2020-01-06 00:00:00",1713253,50,2105,5,USD,1
367025,1,"2016-01-02 00:00:00","2020-01-06 00:00:00",1736623,56,1608,1,USD,1
367025,2,"2016-01-02 00:00:00","2020-01-06 00:00:00",1736623,56,1641,2,USD,1
367025,3,"2016-01-02 00:00:00","2020-01-06 00:00:00",1736623,56,1574,3,USD,1
367026,1,"2016-01-02 00:00:00","2020-01-06 00:00:00",1836599,53,2218,2,USD,1
367026,2,"2016-01-02 00:00:00","2020-01-06 00:00:00",1836599,53,78,1,USD,1
367027,1,"2016-01-02 00:00:00","2020-01-06 00:00:00",1482586,53,2451,3,USD,1
367027,2,"2016-01-02 00:00:00","2020-01-06 00:00:00",1482586,53,1645,1,USD,1
367027,3,"2016-01-02 00:00:00","2020-01-06 00:00:00",1482586,53,1728,2,USD,1
367028,1,"2016-01-02 00:00:00","2016-01-11 00:00:00",607356,0,976,1,EUR,0.9184
367028,2,"2016-01-02 00:00:00","2016-01-11 00:00:00",607356,0,2017,3,EUR,0.9184
367029,1,"2016-01-02 00:00:00","2020-01-06 00:00:00",1260533,66,1607,1,USD,1
367029,2,"2016-01-02 00:00:00","2020-01-06 00:00:00",1260533,66,1223,7,USD,1
367030,1,"2016-01-02 00:00:00","2020-01-06 00:00:00",1843882,51,2010,7,USD,1
367030,2,"2016-01-02 00:00:00","2020-01-06 00:00:00",1843882,51,426,1,USD,1
367031,1,"2016-01-02 00:00:00","2016-01-07 00:00:00",909014,0,120,3,GBP,0.6859
367031,2,"2016-01-02 00:00:00","2016-01-07 00:00:00",909014,0,382,2,GBP,0.6859
367031,3,"2016-01-02 00:00:00","2016-01-07 00:00:00",909014,0,1722,3,GBP,0.6859
367031,4,"2016-01-02 00:00:00","2016-01-07 00:00:00",909014,0,132,1,GBP,0.6859
368000,1,"2016-01-03 00:00:00","2020-01-06 00:00:00",892838,32,1440,1,EUR,0.8933
368001,1,"2016-01-03 00:00:00","2020-01-06 00:00:00",1670789,64,1598,3,USD,1
369000,1,"2016-01-04 00:00:00","2020-01-06 00:00:00",1143828,37,2167,9,GBP,0.7613
369000,2,"2016-01-04 00:00:00","2020-01-06 00:00:00",1143828,37,167,1,GBP,0.7613
369001,1,"2016-01-04 00:00:00","2020-01-06 00:00:00",269337,8,1301,1,CAD,1.2976
369001,2,"2016-01-04 00:00:00","2020-01-06 00:00:00",269337,8,1649,4,CAD,1.2976
369002,1,"2016-01-04 00:00:00","2020-01-06 00:00:00",258316,8,1656,1,CAD,1.2976
369004,1,"2016-01-04 00:00:00","2020-01-06 00:00:00",1389462,65,1961,5,USD,1
369004,2,"2016-01-04 00:00:00","2020-01-06 00:00:00",1389462,65,1991,3,USD,1
369005,1,"2016-01-04 00:00:00","2020-01-06 00:00:00",1866637,56,183,3,USD,1
369006,1,"2016-01-04 00:00:00","2020-01-06 00:00:00",734605,28,654,1,EUR,0.8933
369007,1,"2016-01-04 00:00:00","2020-01-06 00:00:00",571622,20,2510,3,EUR,0.8933
369007,2,"2016-01-04 00:00:00","2020-01-06 00:00:00",571622,20,2103,1,EUR,0.8933
369007,3,"2016-01-04 00:00:00","2020-01-06 00:00:00",571622,20,1578,3,EUR,0.8933
369011,1,"2016-01-04 00:00:00","2016-01-09 00:00:00",1664824,0,1261,2,USD,1
369012,1,"2016-01-04 00:00:00","2016-01-13 00:00:00",1696695,0,1423,3,USD,1
369012,2,"2016-01-04 00:00:00","2016-01-13 00:00:00",1696695,0,1656,1,USD,1
369012,3,"2016-01-04 00:00:00","2016-01-13 00:00:00",1696695,0,1660,2,USD,1
369012,4,"2016-01-04 00:00:00","2016-01-13 00:00:00",1696695,0,1610,6,USD,1
370000,1,"2016-01-05 00:00:00","2020-01-06 00:00:00",2032025,51,1360,4,USD,1
370000,2,"2016-01-05 00:00:00","2020-01-06 00:00:00",2032025,51,1158,4,USD,1
370000,3,"2016-01-05 00:00:00","2020-01-06 00:00:00",2032025,51,457,2,USD,1
370001,1,"2016-01-05 00:00:00","2020-01-06 00:00:00",1884908,61,1107,3,USD,1
370001,2,"2016-01-05 00:00:00","2020-01-06 00:00:00",1884908,61,1591,3,USD,1
370001,3,"2016-01-05 00:00:00","2020-01-06 00:00:00",1884908,61,1544,7,USD,1
370003,1,"2016-01-05 00:00:00","2020-01-06 00:00:00",2092033,66,836,8,USD,1
370003,2,"2016-01-05 00:00:00","2020-01-06 00:00:00",2092033,66,1529,3,USD,1
370004,1,"2016-01-05 00:00:00","2020-01-06 00:00:00",1473090,43,1251,2,USD,1
370005,1,"2016-01-05 00:00:00","2020-01-06 00:00:00",584095,24,1610,2,EUR,0.8933
370005,2,"2016-01-05 00:00:00","2020-01-06 00:00:00",584095,24,1594,4,EUR,0.8933
370006,1,"2016-01-05 00:00:00","2020-01-06 00:00:00",661636,16,1272,6,EUR,0.8933
370007,1,"2016-01-05 00:00:00","2020-01-06 00:00:00",623659,15,267,1,EUR,0.8933
370007,2,"2016-01-05 00:00:00","2020-01-06 00:00:00",623659,15,126,7,EUR,0.8933
370008,1,"2016-01-05 00:00:00","2020-01-06 00:00:00",183264,4,2105,1,AUD,1.44
370010,1,"2016-01-05 00:00:00","2020-01-06 00:00:00",1393738,48,1709,3,USD,1
370010,2,"2016-01-05 00:00:00","2020-01-06 00:00:00",1393738,48,2113,10,USD,1
370010,3,"2016-01-05 00:00:00","2020-01-06 00:00:00",1393738,48,2088,2,USD,1
370011,1,"2016-01-05 00:00:00","2020-01-06 00:00:00",1522590,47,32,2,USD,1
370012,1,"2016-01-05 00:00:00","2020-01-06 00:00:00",1780669,53,1585,3,USD,1
370012,2,"2016-01-05 00:00:00","2020-01-06 00:00:00",1780669,53,1689,2,USD,1
370013,1,"2016-01-05 00:00:00","2020-01-06 00:00:00",5097,6,5,2,AUD,1.44
370014,1,"2016-01-05 00:00:00","2020-01-06 00:00:00",1475886,51,1622,2,USD,1
370014,2,"2016-01-05 00:00:00","2020-01-06 00:00:00",1475886,51,2110,1,USD,1
370014,3,"2016-01-05 00:00:00","2020-01-06 00:00:00",1475886,51,1694,2,USD,1
371000,1,"2016-01-06 00:00:00","2020-01-06 00:00:00",728834,30,81,2,EUR,0.8933
371001,1,"2016-01-06 00:00:00","2020-01-06 00:00:00",76021,2,77,3,AUD,1.44
371001,2,"2016-01-06 00:00:00","2020-01-06 00:00:00",76021,2,945,2,AUD,1.44
371001,3,"2016-01-06 00:00:00","2020-01-06 00:00:00",76021,2,1033,1,AUD,1.44
371001,4,"2016-01-06 00:00:00","2020-01-06 00:00:00",76021,2,1581,5,AUD,1.44
371002,1,"2016-01-06 00:00:00","2020-01-06 00:00:00",1955971,53,80,4,USD,1
371002,2,"2016-01-06 00:00:00","2020-01-06 00:00:00",1955971,53,2171,3,USD,1
371003,1,"2016-01-06 00:00:00","2020-01-06 00:00:00",778259,28,1074,6,EUR,0.8933
371003,2,"2016-01-06 00:00:00","2020-01-06 00:00:00",778259,28,127,2,EUR,0.8933
371003,3,"2016-01-06 00:00:00","2020-01-06 00:00:00",778259,28,333,5,EUR,0.8933
371003,4,"2016-01-06 00:00:00","2020-01-06 00:00:00",778259,28,1627,4,EUR,0.8933
371003,5,"2016-01-06 00:00:00","2020-01-06 00:00:00",778259,28,64,1,EUR,0.8933
371003,6,"2016-01-06 00:00:00","2020-01-06 00:00:00",778259,28,1997,3,EUR,0.8933
371004,1,"2016-01-06 00:00:00","2016-01-14 00:00:00",1378439,0,1305,8,USD,1
371005,1,"2016-01-06 00:00:00","2020-01-06 00:00:00",1923558,48,58,1,USD,1
371005,2,"2016-01-06 00:00:00","2020-01-06 00:00:00",1923558,48,32,7,USD,1
371006,1,"2016-01-06 00:00:00","2016-01-15 00:00:00",1501383,0,1279,1,USD,1
371007,1,"2016-01-06 00:00:00","2016-01-18 00:00:00",1378439,0,1639,1,USD,1
371008,1,"2016-01-06 00:00:00","2020-01-06 00:00:00",2053617,50,961,1,USD,1
371008,2,"2016-01-06 00:00:00","2020-01-06 00:00:00",2053617,50,1626,7,USD,1
371010,1,"2016-01-06 00:00:00","2020-01-06 00:00:00",1716584,53,2491,5,USD,1
371010,2,"2016-01-06 00:00:00","2020-01-06 00:00:00",1716584,53,1631,7,USD,1
371011,1,"2016-01-06 00:00:00","2016-01-14 00:00:00",776266,0,458,5,EUR,0.918
371011,2,"2016-01-06 00:00:00","2016-01-14 00:00:00",776266,0,1573,3,EUR,0.918
371011,3,"2016-01-06 00:00:00","2016-01-14 00:00:00",776266,0,32,5,EUR,0.918
371012,1,"2016-01-06 00:00:00","2020-01-06 00:00:00",363872,8,147,1,CAD,1.2976
371012,2,"2016-01-06 00:00:00","2020-01-06 00:00:00",363872,8,1576,1,CAD,1.2976
371012,3,"2016-01-06 00:00:00","2020-01-06 00:00:00",363872,8,1642,3,CAD,1.2976
371014,1,"2016-01-06 00:00:00","2020-01-06 00:00:00",1161615,40,89,4,GBP,0.7613
371014,2,"2016-01-06 00:00:00","2020-01-06 00:00:00",1161615,40,337,3,GBP,0.7613
371015,1,"2016-01-06 00:00:00","2016-01-14 00:00:00",1669745,0,1679,5,USD,1
371015,2,"2016-01-06 00:00:00","2016-01-14 00:00:00",1669745,0,1659,1,USD,1
371015,3,"2016-01-06 00:00:00","2016-01-14 00:00:00",1669745,0,1228,1,USD,1
371015,4,"2016-01-06 00:00:00","2016-01-14 00:00:00",1669745,0,1458,4,USD,1
371016,1,"2016-01-06 00:00:00","2020-01-06 00:00:00",879778,32,1704,2,EUR,0.8933
371017,1,"2016-01-06 00:00:00","2020-01-06 00:00:00",1918687,61,2084,5,USD,1
371017,2,"2016-01-06 00:00:00","2020-01-06 00:00:00",1918687,61,2365,1,USD,1
371018,1,"2016-01-06 00:00:00","2020-01-06 00:00:00",1041466,36,534,1,GBP,0.7613
371018,2,"2016-01-06 00:00:00","2020-01-06 00:00:00",1041466,36,1667,7,GBP,0.7613
371018,3,"2016-01-06 00:00:00","2020-01-06 00:00:00",1041466,36,1212,7,GBP,0.7613
371018,4,"2016-01-06 00:00:00","2020-01-06 00:00:00",1041466,36,2496,1,GBP,0.7613
371018,5,"2016-01-06 00:00:00","2020-01-06 00:00:00",1041466,36,1200,2,GBP,0.7613
371018,6,"2016-01-06 00:00:00","2020-01-06 00:00:00",1041466,36,1333,2,GBP,0.7613
371018,7,"2016-01-06 00:00:00","2020-01-06 00:00:00",1041466,36,2124,1,GBP,0.7613
371019,1,"2016-01-06 00:00:00","2020-01-06 00:00:00",916074,41,2506,2,GBP,0.7613
371019,2,"2016-01-06 00:00:00","2020-01-06 00:00:00",916074,41,1590,1,GBP,0.7613
371019,3,"2016-01-06 00:00:00","2020-01-06 00:00:00",916074,41,1615,2,GBP,0.7613
371019,4,"2016-01-06 00:00:00","2020-01-06 00:00:00",916074,41,2093,2,GBP,0.7613
372000,1,"2016-01-07 00:00:00","2016-01-22 00:00:00",1413890,0,148,3,USD,1
372000,2,"2016-01-07 00:00:00","2016-01-22 00:00:00",1413890,0,1620,1,USD,1
372000,3,"2016-01-07 00:00:00","2016-01-22 00:00:00",1413890,0,825,3,USD,1
372001,1,"2016-01-07 00:00:00","2020-01-06 00:00:00",1412534,63,1286,1,USD,1
372001,2,"2016-01-07 00:00:00","2020-01-06 00:00:00",1412534,63,1669,3,USD,1
372002,1,"2016-01-07 00:00:00","2020-01-06 00:00:00",1718240,47,1299,7,USD,1
372003,1,"2016-01-07 00:00:00","2020-01-06 00:00:00",527409,19,1604,3,EUR,0.8933
372003,2,"2016-01-07 00:00:00","2020-01-06 00:00:00",527409,19,141,4,EUR,0.8933
372003,3,"2016-01-07 00:00:00","2020-01-06 00:00:00",527409,19,83,2,EUR,0.8933
372004,1,"2016-01-07 00:00:00","2020-01-06 00:00:00",711449,30,922,9,EUR,0.8933
372005,1,"2016-01-07 00:00:00","2020-01-06 00:00:00",302130,9,411,3,CAD,1.2976
372005,2,"2016-01-07 00:00:00","2020-01-06 00:00:00",302130,9,75,4,CAD,1.2976
372005,3,"2016-01-07 00:00:00","2020-01-06 00:00:00",302130,9,1620,3,CAD,1.2976
372005,4,"2016-01-07 00:00:00","2020-01-06 00:00:00",302130,9,2366,5,CAD,1.2976
372005,5,"2016-01-07 00:00:00","2020-01-06 00:00:00",302130,9,1652,8,CAD,1.2976
372005,6,"2016-01-07 00:00:00","2020-01-06 00:00:00",302130,9,1614,8,CAD,1.2976
372006,1,"2016-01-07 00:00:00","2016-01-15 00:00:00",2095742,0,125,2,USD,1
372007,1,"2016-01-07 00:00:00","2020-01-06 00:00:00",1982994,61,1148,4,USD,1
372008,1,"2016-01-07 00:00:00","2020-01-06 00:00:00",1214363,53,183,1,USD,1
372008,3,"2016-01-07 00:00:00","2020-01-06 00:00:00",1214363,53,1665,1,USD,1
372010,1,"2016-01-07 00:00:00","2020-01-06 00:00:00",784075,29,90,7,EUR,0.8933
372011,1,"2016-01-07 00:00:00","2020-01-06 00:00:00",739625,29,1572,1,EUR,0.8933
372012,1,"2016-01-07 00:00:00","2020-01-06 00:00:00",195521,6,468,1,AUD,1.44
372012,2,"2016-01-07 00:00:00","2020-01-06 00:00:00",195521,6,1560,6,AUD,1.44
372012,3,"2016-01-07 00:00:00","2020-01-06 00:00:00",195521,6,1094,2,AUD,1.44
372012,4,"2016-01-07 00:00:00","2020-01-06 00:00:00",195521,6,171,4,AUD,1.44
372012,5,"2016-01-07 00:00:00","2020-01-06 00:00:00",195521,6,2265,2,AUD,1.44
372013,1,"2016-01-07 00:00:00","2020-01-06 00:00:00",1042966,38,1259,2,GBP,0.7613
372016,1,"2016-01-07 00:00:00","2020-01-06 00:00:00",1170323,42,1581,2,GBP,0.7613
372016,2,"2016-01-07 00:00:00","2020-01-06 00:00:00",1170323,42,6,3,GBP,0.7613
373000,1,"2016-01-08 00:00:00","2016-01-14 00:00:00",1367439,0,2509,3,USD,1
373000,2,"2016-01-08 00:00:00","2016-01-14 00:00:00",1367439,0,716,3,USD,1
373002,1,"2016-01-08 00:00:00","2020-01-06 00:00:00",1750554,48,1859,5,USD,1
373003,1,"2016-01-08 00:00:00","2020-01-06 00:00:00",2082534,56,67,3,USD,1
373004,1,"2016-01-08 00:00:00","2020-01-06 00:00:00",460587,24,1765,3,EUR,0.8933
373005,1,"2016-01-08 00:00:00","2020-01-06 00:00:00",1763365,65,342,2,USD,1
373005,2,"2016-01-08 00:00:00","2020-01-06 00:00:00",1763365,65,1073,1,USD,1
373007,1,"2016-01-08 00:00:00","2016-01-14 00:00:00",351747,0,103,2,CAD,1.4364
373007,2,"2016-01-08 00:00:00","2016-01-14 00:00:00",351747,0,1455,5,CAD,1.4364
373007,3,"2016-01-08 00:00:00","2016-01-14 00:00:00",351747,0,1902,2,CAD,1.4364
373008,1,"2016-01-08 00:00:00","2020-01-06 00:00:00",536845,23,535,3,EUR,0.8933
373008,2,"2016-01-08 00:00:00","2020-01-06 00:00:00",536845,23,2089,3,EUR,0.8933
373008,3,"2016-01-08 00:00:00","2020-01-06 00:00:00",536845,23,1612,3,EUR,0.8933
373008,4,"2016-01-08 00:00:00","2020-01-06 00:00:00",536845,23,65,2,EUR,0.8933
373009,1,"2016-01-08 00:00:00","2016-01-19 00:00:00",1064519,0,1589,4,GBP,0.7037
373010,1,"2016-01-08 00:00:00","2020-01-06 00:00:00",538801,27,2492,6,EUR,0.8933
373010,2,"2016-01-08 00:00:00","2020-01-06 00:00:00",538801,27,2288,8,EUR,0.8933
373010,3,"2016-01-08 00:00:00","2020-01-06 00:00:00",538801,27,56,2,EUR,0.8933
373011,1,"2016-01-08 00:00:00","2020-01-06 00:00:00",82415,4,440,2,AUD,1.44
374000,1,"2016-01-09 00:00:00","2020-01-06 00:00:00",1971983,48,737,5,USD,1
374000,2,"2016-01-09 00:00:00","2020-01-06 00:00:00",1971983,48,1735,3,USD,1
374000,3,"2016-01-09 00:00:00","2020-01-06 00:00:00",1971983,48,103,3,USD,1
374000,5,"2016-01-09 00:00:00","2020-01-06 00:00:00",1971983,48,81,2,USD,1
374000,6,"2016-01-09 00:00:00","2020-01-06 00:00:00",1971983,48,1624,1,USD,1
374001,1,"2016-01-09 00:00:00","2020-01-06 00:00:00",2050933,47,1429,1,USD,1
374001,2,"2016-01-09 00:00:00","2020-01-06 00:00:00",2050933,47,545,1,USD,1
374002,1,"2016-01-09 00:00:00","2020-01-06 00:00:00",320030,8,1991,8,CAD,1.2976
374002,2,"2016-01-09 00:00:00","2020-01-06 00:00:00",320030,8,1667,8,CAD,1.2976
374002,3,"2016-01-09 00:00:00","2020-01-06 00:00:00",320030,8,2098,3,CAD,1.2976
374002,4,"2016-01-09 00:00:00","2020-01-06 00:00:00",320030,8,1695,1,CAD,1.2976
374003,1,"2016-01-09 00:00:00","2020-01-06 00:00:00",1188400,38,1606,1,GBP,0.7613
374005,1,"2016-01-09 00:00:00","2020-01-06 00:00:00",239647,8,1197,2,CAD,1.2976
374006,1,"2016-01-09 00:00:00","2020-01-06 00:00:00",1387959,65,1622,6,USD,1
374007,1,"2016-01-09 00:00:00","2020-01-06 00:00:00",800548,31,1631,3,EUR,0.8933
374008,1,"2016-01-09 00:00:00","2020-01-06 00:00:00",789641,29,1217,4,EUR,0.8933
374009,1,"2016-01-09 00:00:00","2020-01-06 00:00:00",728541,30,538,3,EUR,0.8933
374010,1,"2016-01-09 00:00:00","2020-01-06 00:00:00",665776,12,1632,3,EUR,0.8933
374010,2,"2016-01-09 00:00:00","2020-01-06 00:00:00",665776,12,1048,1,EUR,0.8933
374010,3,"2016-01-09 00:00:00","2020-01-06 00:00:00",665776,12,1681,7,EUR,0.8933
374010,4,"2016-01-09 00:00:00","2020-01-06 00:00:00",665776,12,2104,4,EUR,0.8933
374010,5,"2016-01-09 00:00:00","2020-01-06 00:00:00",665776,12,1673,2,EUR,0.8933
374010,6,"2016-01-09 00:00:00","2020-01-06 00:00:00",665776,12,1206,2,EUR,0.8933
374010,7,"2016-01-09 00:00:00","2020-01-06 00:00:00",665776,12,961,5,EUR,0.8933
374011,1,"2016-01-09 00:00:00","2020-01-06 00:00:00",174622,5,1256,8,AUD,1.44
374012,1,"2016-01-09 00:00:00","2016-01-20 00:00:00",1758208,0,1280,1,USD,1
374012,2,"2016-01-09 00:00:00","2016-01-20 00:00:00",1758208,0,1276,1,USD,1
374012,3,"2016-01-09 00:00:00","2016-01-20 00:00:00",1758208,0,2454,5,USD,1
374012,4,"2016-01-09 00:00:00","2016-01-20 00:00:00",1758208,0,2108,1,USD,1
374013,1,"2016-01-09 00:00:00","2020-01-06 00:00:00",733080,29,533,5,EUR,0.8933
374013,2,"2016-01-09 00:00:00","2020-01-06 00:00:00",733080,29,1067,10,EUR,0.8933
374013,3,"2016-01-09 00:00:00","2020-01-06 00:00:00",733080,29,1577,6,EUR,0.8933
374015,1,"2016-01-09 00:00:00","2020-01-06 00:00:00",1451748,55,107,7,USD,1
374016,1,"2016-01-09 00:00:00","2020-01-06 00:00:00",1535357,45,9,5,USD,1
374017,1,"2016-01-09 00:00:00","2020-01-06 00:00:00",1558964,63,1630,1,USD,1
374018,1,"2016-01-09 00:00:00","2020-01-06 00:00:00",1010049,38,1615,5,GBP,0.7613
374018,2,"2016-01-09 00:00:00","2020-01-06 00:00:00",1010049,38,2075,2,GBP,0.7613
374019,1,"2016-01-09 00:00:00","2020-01-06 00:00:00",193216,6,1109,3,AUD,1.44
375000,1,"2016-01-10 00:00:00","2016-01-18 00:00:00",1084570,0,1636,1,GBP,0.7002
375000,2,"2016-01-10 00:00:00","2016-01-18 00:00:00",1084570,0,88,7,GBP,0.7002
375000,3,"2016-01-10 00:00:00","2016-01-18 00:00:00",1084570,0,2515,1,GBP,0.7002
376000,1,"2016-01-11 00:00:00","2020-01-06 00:00:00",1862500,43,69,1,USD,1
376001,1,"2016-01-11 00:00:00","2020-01-06 00:00:00",813685,32,131,1,EUR,0.8933
376001,2,"2016-01-11 00:00:00","2020-01-06 00:00:00",813685,32,1604,1,EUR,0.8933
376003,1,"2016-01-11 00:00:00","2020-01-06 00:00:00",797322,30,425,3,EUR,0.8933
376003,2,"2016-01-11 00:00:00","2020-01-06 00:00:00",797322,30,2112,4,EUR,0.8933
376003,3,"2016-01-11 00:00:00","2020-01-06 00:00:00",797322,30,1297,1,EUR,0.8933
376003,4,"2016-01-11 00:00:00","2020-01-06 00:00:00",797322,30,1806,2,EUR,0.8933
376004,1,"2016-01-11 00:00:00","2020-01-06 00:00:00",1905050,45,1635,6,USD,1
376005,1,"2016-01-11 00:00:00","2020-01-06 00:00:00",305321,8,1352,3,CAD,1.2976
376005,2,"2016-01-11 00:00:00","2020-01-06 00:00:00",305321,8,2114,3,CAD,1.2976
376005,3,"2016-01-11 00:00:00","2020-01-06 00:00:00",305321,8,418,2,CAD,1.2976
376005,4,"2016-01-11 00:00:00","2020-01-06 00:00:00",305321,8,2096,3,CAD,1.2976
377000,1,"2016-01-12 00:00:00","2020-01-06 00:00:00",1589958,64,1625,6,USD,1
377000,2,"2016-01-12 00:00:00","2020-01-06 00:00:00",1589958,64,1730,4,USD,1
377000,3,"2016-01-12 00:00:00","2020-01-06 00:00:00",1589958,64,681,2,USD,1
377000,4,"2016-01-12 00:00:00","2020-01-06 00:00:00",1589958,64,1675,7,USD,1
377000,5,"2016-01-12 00:00:00","2020-01-06 00:00:00",1589958,64,422,2,USD,1
377002,1,"2016-01-12 00:00:00","2020-01-06 00:00:00",1897822,50,1612,1,USD,1
377002,2,"2016-01-12 00:00:00","2020-01-06 00:00:00",1897822,50,858,1,USD,1
377002,3,"2016-01-12 00:00:00","2020-01-06 00:00:00",1897822,50,1595,2,USD,1
377003,1,"2016-01-12 00:00:00","2020-01-06 00:00:00",1129200,40,1942,6,GBP,0.7613
377004,1,"2016-01-12 00:00:00","2020-01-06 00:00:00",1136143,42,460,4,GBP,0.7613
377004,2,"2016-01-12 00:00:00","2020-01-06 00:00:00",1136143,42,740,3,GBP,0.7613
377005,1,"2016-01-12 00:00:00","2020-01-06 00:00:00",1022980,37,1634,1,GBP,0.7613
377006,1,"2016-01-12 00:00:00","2016-01-20 00:00:00",934781,0,1432,1,GBP,0.706
377006,2,"2016-01-12 00:00:00","2016-01-20 00:00:00",934781,0,1580,1,GBP,0.706
377006,3,"2016-01-12 00:00:00","2016-01-20 00:00:00",934781,0,1462,1,GBP,0.706
377006,4,"2016-01-12 00:00:00","2016-01-20 00:00:00",934781,0,1936,1,GBP,0.706
377006,5,"2016-01-12 00:00:00","2016-01-20 00:00:00",934781,0,1007,1,GBP,0.706
377006,6,"2016-01-12 00:00:00","2016-01-20 00:00:00",934781,0,320,1,GBP,0.706
377007,1,"2016-01-12 00:00:00","2020-01-06 00:00:00",86126,6,1665,1,AUD,1.44
377007,2,"2016-01-12 00:00:00","2020-01-06 00:00:00",86126,6,446,3,AUD,1.44
377007,3,"2016-01-12 00:00:00","2020-01-06 00:00:00",86126,6,1176,4,AUD,1.44
378000,1,"2016-01-13 00:00:00","2020-01-06 00:00:00",1062632,37,170,1,GBP,0.7613
378000,2,"2016-01-13 00:00:00","2020-01-06 00:00:00",1062632,37,1646,10,GBP,0.7613
378000,3,"2016-01-13 00:00:00","2020-01-06 00:00:00",1062632,37,1572,1,GBP,0.7613
378001,1,"2016-01-13 00:00:00","2020-01-06 00:00:00",1976355,66,2467,3,USD,1
378001,2,"2016-01-13 00:00:00","2020-01-06 00:00:00",1976355,66,1696,2,USD,1
378002,1,"2016-01-13 00:00:00","2020-01-06 00:00:00",1599716,45,1578,1,USD,1
378002,2,"2016-01-13 00:00:00","2020-01-06 00:00:00",1599716,45,1304,1,USD,1
378003,1,"2016-01-13 00:00:00","2020-01-06 00:00:00",774742,29,1609,1,EUR,0.8933
378003,2,"2016-01-13 00:00:00","2020-01-06 00:00:00",774742,29,2128,8,EUR,0.8933
378003,3,"2016-01-13 00:00:00","2020-01-06 00:00:00",774742,29,1649,5,EUR,0.8933
378004,1,"2016-01-13 00:00:00","2020-01-06 00:00:00",368190,8,2504,1,CAD,1.2976
378004,2,"2016-01-13 00:00:00","2020-01-06 00:00:00",368190,8,1646,7,CAD,1.2976
378005,1,"2016-01-13 00:00:00","2020-01-06 00:00:00",1470803,44,137,9,USD,1
378005,2,"2016-01-13 00:00:00","2020-01-06 00:00:00",1470803,44,2090,2,USD,1
378005,3,"2016-01-13 00:00:00","2020-01-06 00:00:00",1470803,44,2068,2,USD,1
378005,4,"2016-01-13 00:00:00","2020-01-06 00:00:00",1470803,44,125,4,USD,1
378005,5,"2016-01-13 00:00:00","2020-01-06 00:00:00",1470803,44,137,3,USD,1
378005,6,"2016-01-13 00:00:00","2020-01-06 00:00:00",1470803,44,376,1,USD,1
378005,7,"2016-01-13 00:00:00","2020-01-06 00:00:00",1470803,44,178,5,USD,1
378006,1,"2016-01-13 00:00:00","2020-01-06 00:00:00",917347,38,1266,7,GBP,0.7613
378006,2,"2016-01-13 00:00:00","2020-01-06 00:00:00",917347,38,1621,2,GBP,0.7613
378007,1,"2016-01-13 00:00:00","2020-01-06 00:00:00",707089,30,1582,1,EUR,0.8933
378007,2,"2016-01-13 00:00:00","2020-01-06 00:00:00",707089,30,1634,6,EUR,0.8933
378007,3,"2016-01-13 00:00:00","2020-01-06 00:00:00",707089,30,424,4,EUR,0.8933
378008,1,"2016-01-13 00:00:00","2020-01-06 00:00:00",1035789,39,1619,2,GBP,0.7613
378009,1,"2016-01-13 00:00:00","2020-01-06 00:00:00",270736,8,336,3,CAD,1.2976
378009,2,"2016-01-13 00:00:00","2020-01-06 00:00:00",270736,8,2383,1,CAD,1.2976
378009,3,"2016-01-13 00:00:00","2020-01-06 00:00:00",270736,8,2248,5,CAD,1.2976
378010,1,"2016-01-13 00:00:00","2020-01-06 00:00:00",437389,19,145,3,EUR,0.8933
378010,2,"2016-01-13 00:00:00","2020-01-06 00:00:00",437389,19,2387,7,EUR,0.8933
379000,1,"2016-01-14 00:00:00","2020-01-06 00:00:00",1171088,39,443,4,GBP,0.7613
379001,1,"2016-01-14 00:00:00","2020-01-06 00:00:00",1165542,40,1253,1,GBP,0.7613
379001,2,"2016-01-14 00:00:00","2020-01-06 00:00:00",1165542,40,1695,8,GBP,0.7613
379001,3,"2016-01-14 00:00:00","2020-01-06 00:00:00",1165542,40,1038,8,GBP,0.7613
379001,4,"2016-01-14 00:00:00","2020-01-06 00:00:00",1165542,40,1597,1,GBP,0.7613
379001,5,"2016-01-14 00:00:00","2020-01-06 00:00:00",1165542,40,1589,2,GBP,0.7613
379001,6,"2016-01-14 00:00:00","2020-01-06 00:00:00",1165542,40,1182,5,GBP,0.7613
379002,1,"2016-01-14 00:00:00","2016-01-24 00:00:00",716015,0,106,2,EUR,0.9252
379002,2,"2016-01-14 00:00:00","2016-01-24 00:00:00",716015,0,386,2,EUR,0.9252
379002,3,"2016-01-14 00:00:00","2016-01-24 00:00:00",716015,0,1654,3,EUR,0.9252
379004,1,"2016-01-14 00:00:00","2016-01-27 00:00:00",245912,0,321,2,CAD,1.4081
379005,1,"2016-01-14 00:00:00","2020-01-06 00:00:00",1104029,37,1766,4,GBP,0.7613
379005,2,"2016-01-14 00:00:00","2020-01-06 00:00:00",1104029,37,1558,3,GBP,0.7613
379005,3,"2016-01-14 00:00:00","2020-01-06 00:00:00",1104029,37,1969,3,GBP,0.7613
379005,4,"2016-01-14 00:00:00","2020-01-06 00:00:00",1104029,37,1453,4,GBP,0.7613
379008,1,"2016-01-14 00:00:00","2020-01-06 00:00:00",793968,30,76,3,EUR,0.8933
379008,2,"2016-01-14 00:00:00","2020-01-06 00:00:00",793968,30,1648,1,EUR,0.8933
379009,1,"2016-01-14 00:00:00","2020-01-06 00:00:00",1556602,61,375,4,USD,1
379009,2,"2016-01-14 00:00:00","2020-01-06 00:00:00",1556602,61,651,3,USD,1
379011,1,"2016-01-14 00:00:00","2020-01-06 00:00:00",1291414,48,1280,3,USD,1
379011,2,"2016-01-14 00:00:00","2020-01-06 00:00:00",1291414,48,1292,1,USD,1
379011,3,"2016-01-14 00:00:00","2020-01-06 00:00:00",1291414,48,1620,4,USD,1
380000,1,"2016-01-15 00:00:00","2020-01-06 00:00:00",1614172,57,1676,3,USD,1
380000,2,"2016-01-15 00:00:00","2020-01-06 00:00:00",1614172,57,2094,5,USD,1
380001,1,"2016-01-15 00:00:00","2020-01-06 00:00:00",1530756,66,641,3,USD,1
380001,2,"2016-01-15 00:00:00","2020-01-06 00:00:00",1530756,66,1069,3,USD,1
380001,3,"2016-01-15 00:00:00","2020-01-06 00:00:00",1530756,66,1687,3,USD,1
380003,1,"2016-01-15 00:00:00","2020-01-06 00:00:00",627789,17,172,3,EUR,0.8933
380004,1,"2016-01-15 00:00:00","2020-01-06 00:00:00",1909649,66,1114,1,USD,1
380004,2,"2016-01-15 00:00:00","2020-01-06 00:00:00",1909649,66,272,1,USD,1
380004,3,"2016-01-15 00:00:00","2020-01-06 00:00:00",1909649,66,1697,2,USD,1
380005,1,"2016-01-15 00:00:00","2020-01-06 00:00:00",770856,30,1705,2,EUR,0.8933
380005,2,"2016-01-15 00:00:00","2020-01-06 00:00:00",770856,30,154,7,EUR,0.8933
380006,1,"2016-01-15 00:00:00","2020-01-06 00:00:00",549983,27,1969,7,EUR,0.8933
381001,1,"2016-01-16 00:00:00","2020-01-06 00:00:00",780974,29,2397,3,EUR,0.8933
381001,2,"2016-01-16 00:00:00","2020-01-06 00:00:00",780974,29,2398,1,EUR,0.8933
381002,1,"2016-01-16 00:00:00","2016-01-26 00:00:00",2042097,0,1283,1,USD,1
381002,2,"2016-01-16 00:00:00","2016-01-26 00:00:00",2042097,0,1345,1,USD,1
381002,3,"2016-01-16 00:00:00","2016-01-26 00:00:00",2042097,0,2510,2,USD,1
381003,1,"2016-01-16 00:00:00","2020-01-06 00:00:00",1631876,61,1619,6,USD,1
381003,2,"2016-01-16 00:00:00","2020-01-06 00:00:00",1631876,61,2079,1,USD,1
381004,1,"2016-01-16 00:00:00","2020-01-06 00:00:00",1914255,53,960,2,USD,1
381004,2,"2016-01-16 00:00:00","2020-01-06 00:00:00",1914255,53,143,4,USD,1
381005,1,"2016-01-16 00:00:00","2020-01-06 00:00:00",1803346,50,1946,10,USD,1
381006,1,"2016-01-16 00:00:00","2020-01-06 00:00:00",1364334,64,1029,1,USD,1
381007,1,"2016-01-16 00:00:00","2020-01-06 00:00:00",1202659,48,1246,1,USD,1
381007,2,"2016-01-16 00:00:00","2020-01-06 00:00:00",1202659,48,97,2,USD,1
381007,3,"2016-01-16 00:00:00","2020-01-06 00:00:00",1202659,48,1590,6,USD,1
381007,4,"2016-01-16 00:00:00","2020-01-06 00:00:00",1202659,48,1779,7,USD,1
381008,1,"2016-01-16 00:00:00","2020-01-06 00:00:00",982850,42,1707,2,GBP,0.7613
381009,1,"2016-01-16 00:00:00","2020-01-06 00:00:00",1187611,42,2086,4,GBP,0.7613
381010,1,"2016-01-16 00:00:00","2020-01-06 00:00:00",1554137,66,1671,3,USD,1
381010,2,"2016-01-16 00:00:00","2020-01-06 00:00:00",1554137,66,1604,1,USD,1
381010,3,"2016-01-16 00:00:00","2020-01-06 00:00:00",1554137,66,1836,1,USD,1
381011,1,"2016-01-16 00:00:00","2020-01-06 00:00:00",1302333,45,450,1,USD,1
381012,1,"2016-01-16 00:00:00","2016-01-23 00:00:00",2072376,0,1759,2,USD,1
381012,2,"2016-01-16 00:00:00","2016-01-23 00:00:00",2072376,0,1684,7,USD,1
381013,1,"2016-01-16 00:00:00","2016-01-21 00:00:00",1984685,0,1583,1,USD,1
381013,2,"2016-01-16 00:00:00","2016-01-21 00:00:00",1984685,0,584,8,USD,1
383000,1,"2016-01-18 00:00:00","2020-01-06 00:00:00",1768548,51,1623,3,USD,1
383001,1,"2016-01-18 00:00:00","2020-01-06 00:00:00",1584109,61,994,1,USD,1
383002,1,"2016-01-18 00:00:00","2020-01-06 00:00:00",1650783,57,1145,1,USD,1
383002,2,"2016-01-18 00:00:00","2020-01-06 00:00:00",1650783,57,75,2,USD,1
383002,3,"2016-01-18 00:00:00","2020-01-06 00:00:00",1650783,57,775,1,USD,1
383003,1,"2016-01-18 00:00:00","2020-01-06 00:00:00",568160,19,959,3,EUR,0.8933
383004,1,"2016-01-18 00:00:00","2020-01-06 00:00:00",1670107,59,1248,3,USD,1
383004,2,"2016-01-18 00:00:00","2020-01-06 00:00:00",1670107,59,2500,1,USD,1
383004,3,"2016-01-18 00:00:00","2020-01-06 00:00:00",1670107,59,185,3,USD,1
384000,1,"2016-01-19 00:00:00","2020-01-06 00:00:00",622740,17,144,5,EUR,0.8933
384000,2,"2016-01-19 00:00:00","2020-01-06 00:00:00",622740,17,78,4,EUR,0.8933
384000,4,"2016-01-19 00:00:00","2020-01-06 00:00:00",622740,17,1825,1,EUR,0.8933
384001,1,"2016-01-19 00:00:00","2020-01-06 00:00:00",780674,29,301,2,EUR,0.8933
384001,2,"2016-01-19 00:00:00","2020-01-06 00:00:00",780674,29,1695,2,EUR,0.8933
384002,1,"2016-01-19 00:00:00","2020-01-06 00:00:00",1263974,43,61,2,USD,1
384002,2,"2016-01-19 00:00:00","2020-01-06 00:00:00",1263974,43,2105,1,USD,1
384003,1,"2016-01-19 00:00:00","2020-01-06 00:00:00",1369624,64,420,4,USD,1
384004,1,"2016-01-19 00:00:00","2016-01-28 00:00:00",1316297,0,1150,2,USD,1
384004,2,"2016-01-19 00:00:00","2016-01-28 00:00:00",1316297,0,1578,6,USD,1
384005,1,"2016-01-19 00:00:00","2020-01-06 00:00:00",1022895,37,1597,4,GBP,0.7613
384006,1,"2016-01-19 00:00:00","2020-01-06 00:00:00",247132,9,752,1,CAD,1.2976
384006,2,"2016-01-19 00:00:00","2020-01-06 00:00:00",247132,9,434,1,CAD,1.2976
384006,3,"2016-01-19 00:00:00","2020-01-06 00:00:00",247132,9,124,8,CAD,1.2976
384006,4,"2016-01-19 00:00:00","2020-01-06 00:00:00",247132,9,2382,1,CAD,1.2976
384007,1,"2016-01-19 00:00:00","2020-01-06 00:00:00",14180,6,494,3,AUD,1.44
384007,2,"2016-01-19 00:00:00","2020-01-06 00:00:00",14180,6,1633,2,AUD,1.44
385000,1,"2016-01-20 00:00:00","2016-01-25 00:00:00",1110691,0,1586,8,GBP,0.7017
385000,2,"2016-01-20 00:00:00","2016-01-25 00:00:00",1110691,0,1427,5,GBP,0.7017
385000,3,"2016-01-20 00:00:00","2016-01-25 00:00:00",1110691,0,166,3,GBP,0.7017
385002,1,"2016-01-20 00:00:00","2020-01-06 00:00:00",844832,31,424,2,EUR,0.8933
385002,2,"2016-01-20 00:00:00","2020-01-06 00:00:00",844832,31,53,2,EUR,0.8933
385003,1,"2016-01-20 00:00:00","2020-01-06 00:00:00",624165,18,1928,3,EUR,0.8933
385004,1,"2016-01-20 00:00:00","2020-01-06 00:00:00",332332,8,2162,1,CAD,1.2976
385005,1,"2016-01-20 00:00:00","2020-01-06 00:00:00",1251726,57,2120,3,USD,1
385006,1,"2016-01-20 00:00:00","2020-01-06 00:00:00",724534,28,135,4,EUR,0.8933
385006,2,"2016-01-20 00:00:00","2020-01-06 00:00:00",724534,28,1155,1,EUR,0.8933
385007,1,"2016-01-20 00:00:00","2020-01-06 00:00:00",1273837,61,1112,8,USD,1
385008,1,"2016-01-20 00:00:00","2020-01-06 00:00:00",667318,16,1195,1,EUR,0.8933
385009,1,"2016-01-20 00:00:00","2020-01-06 00:00:00",1720050,61,6,1,USD,1
385009,3,"2016-01-20 00:00:00","2020-01-06 00:00:00",1720050,61,123,5,USD,1
385010,1,"2016-01-20 00:00:00","2020-01-06 00:00:00",483118,20,61,6,EUR,0.8933
385010,2,"2016-01-20 00:00:00","2020-01-06 00:00:00",483118,20,1000,3,EUR,0.8933
386000,1,"2016-01-21 00:00:00","2020-01-06 00:00:00",748749,30,443,2,EUR,0.8933
386000,2,"2016-01-21 00:00:00","2020-01-06 00:00:00",748749,30,434,2,EUR,0.8933
386000,3,"2016-01-21 00:00:00","2020-01-06 00:00:00",748749,30,167,1,EUR,0.8933
386000,4,"2016-01-21 00:00:00","2020-01-06 00:00:00",748749,30,516,1,EUR,0.8933
386001,1,"2016-01-21 00:00:00","2016-01-30 00:00:00",1912666,0,1996,2,USD,1
386001,2,"2016-01-21 00:00:00","2016-01-30 00:00:00",1912666,0,1577,1,USD,1
386002,1,"2016-01-21 00:00:00","2020-01-06 00:00:00",1525000,43,581,3,USD,1
386003,1,"2016-01-21 00:00:00","2020-01-06 00:00:00",265825,8,1646,1,CAD,1.2976
386004,1,"2016-01-21 00:00:00","2020-01-06 00:00:00",2085055,45,1222,3,USD,1
386005,1,"2016-01-21 00:00:00","2016-02-02 00:00:00",345812,0,1600,1,CAD,1.4005
386005,2,"2016-01-21 00:00:00","2016-02-02 00:00:00",345812,0,237,1,CAD,1.4005
386006,1,"2016-01-21 00:00:00","2020-01-06 00:00:00",348548,10,1271,2,CAD,1.2976
386006,2,"2016-01-21 00:00:00","2020-01-06 00:00:00",348548,10,1585,1,CAD,1.2976
386006,3,"2016-01-21 00:00:00","2020-01-06 00:00:00",348548,10,1637,3,CAD,1.2976
386006,4,"2016-01-21 00:00:00","2020-01-06 00:00:00",348548,10,1587,1,CAD,1.2976
386006,5,"2016-01-21 00:00:00","2020-01-06 00:00:00",348548,10,423,1,CAD,1.2976
386008,1,"2016-01-21 00:00:00","2020-01-06 00:00:00",2093929,56,313,2,USD,1
386008,2,"2016-01-21 00:00:00","2020-01-06 00:00:00",2093929,56,124,7,USD,1
386008,3,"2016-01-21 00:00:00","2020-01-06 00:00:00",2093929,56,1634,3,USD,1
386008,4,"2016-01-21 00:00:00","2020-01-06 00:00:00",2093929,56,448,4,USD,1
386009,1,"2016-01-21 00:00:00","2020-01-06 00:00:00",522652,19,1859,4,EUR,0.8933
386009,2,"2016-01-21 00:00:00","2020-01-06 00:00:00",522652,19,156,3,EUR,0.8933
386009,3,"2016-01-21 00:00:00","2020-01-06 00:00:00",522652,19,1896,1,EUR,0.8933
386009,4,"2016-01-21 00:00:00","2020-01-06 00:00:00",522652,19,2107,3,EUR,0.8933
386010,1,"2016-01-21 00:00:00","2020-01-06 00:00:00",1775819,57,155,6,USD,1
386010,2,"2016-01-21 00:00:00","2020-01-06 00:00:00",1775819,57,1638,1,USD,1
386010,3,"2016-01-21 00:00:00","2020-01-06 00:00:00",1775819,57,1947,3,USD,1
386010,4,"2016-01-21 00:00:00","2020-01-06 00:00:00",1775819,57,125,1,USD,1
386011,1,"2016-01-21 00:00:00","2016-01-28 00:00:00",541598,0,54,6,EUR,0.9172
386011,2,"2016-01-21 00:00:00","2016-01-28 00:00:00",541598,0,101,2,EUR,0.9172
386011,3,"2016-01-21 00:00:00","2016-01-28 00:00:00",541598,0,461,3,EUR,0.9172
387000,1,"2016-01-22 00:00:00","2016-01-26 00:00:00",224434,0,1729,2,CAD,1.4221
387000,2,"2016-01-22 00:00:00","2016-01-26 00:00:00",224434,0,1599,3,CAD,1.4221
387000,3,"2016-01-22 00:00:00","2016-01-26 00:00:00",224434,0,1622,1,CAD,1.4221
387000,4,"2016-01-22 00:00:00","2016-01-26 00:00:00",224434,0,55,6,CAD,1.4221
387001,1,"2016-01-22 00:00:00","2020-01-06 00:00:00",2011796,51,39,5,USD,1
387002,1,"2016-01-22 00:00:00","2020-01-06 00:00:00",1368025,44,429,2,USD,1
387002,2,"2016-01-22 00:00:00","2020-01-06 00:00:00",1368025,44,1377,6,USD,1
387003,1,"2016-01-22 00:00:00","2020-01-06 00:00:00",368610,8,144,5,CAD,1.2976
387003,2,"2016-01-22 00:00:00","2020-01-06 00:00:00",368610,8,1251,2,CAD,1.2976
387003,3,"2016-01-22 00:00:00","2020-01-06 00:00:00",368610,8,691,1,CAD,1.2976
387003,4,"2016-01-22 00:00:00","2020-01-06 00:00:00",368610,8,190,1,CAD,1.2976
387003,5,"2016-01-22 00:00:00","2020-01-06 00:00:00",368610,8,1656,2,CAD,1.2976
387003,6,"2016-01-22 00:00:00","2020-01-06 00:00:00",368610,8,1425,4,CAD,1.2976
387003,7,"2016-01-22 00:00:00","2020-01-06 00:00:00",368610,8,143,9,CAD,1.2976
387004,1,"2016-01-22 00:00:00","2020-01-06 00:00:00",1307296,53,709,6,USD,1
387004,2,"2016-01-22 00:00:00","2020-01-06 00:00:00",1307296,53,962,1,USD,1
387005,1,"2016-01-22 00:00:00","2020-01-06 00:00:00",938399,36,1816,3,GBP,0.7613
387005,2,"2016-01-22 00:00:00","2020-01-06 00:00:00",938399,36,982,2,GBP,0.7613
387005,3,"2016-01-22 00:00:00","2020-01-06 00:00:00",938399,36,442,1,GBP,0.7613
387006,1,"2016-01-22 00:00:00","2020-01-06 00:00:00",1616350,51,1576,1,USD,1
387007,1,"2016-01-22 00:00:00","2020-01-06 00:00:00",549936,24,1264,2,EUR,0.8933
387007,2,"2016-01-22 00:00:00","2020-01-06 00:00:00",549936,24,1529,3,EUR,0.8933
387007,3,"2016-01-22 00:00:00","2020-01-06 00:00:00",549936,24,1612,4,EUR,0.8933
388000,1,"2016-01-23 00:00:00","2020-01-06 00:00:00",97611,5,928,6,AUD,1.44
388000,2,"2016-01-23 00:00:00","2020-01-06 00:00:00",97611,5,1045,7,AUD,1.44
388000,3,"2016-01-23 00:00:00","2020-01-06 00:00:00",97611,5,1627,6,AUD,1.44
388001,1,"2016-01-23 00:00:00","2016-01-27 00:00:00",1730210,0,1616,1,USD,1
388002,1,"2016-01-23 00:00:00","2020-01-06 00:00:00",962533,36,460,2,GBP,0.7613
388002,2,"2016-01-23 00:00:00","2020-01-06 00:00:00",962533,36,489,2,GBP,0.7613
388003,1,"2016-01-23 00:00:00","2020-01-06 00:00:00",205077,10,90,8,CAD,1.2976
388003,2,"2016-01-23 00:00:00","2020-01-06 00:00:00",205077,10,945,1,CAD,1.2976
388004,1,"2016-01-23 00:00:00","2016-01-31 00:00:00",776431,0,2104,1,EUR,0.9158
388004,2,"2016-01-23 00:00:00","2016-01-31 00:00:00",776431,0,618,3,EUR,0.9158
388005,1,"2016-01-23 00:00:00","2020-01-06 00:00:00",1893487,55,1601,4,USD,1
388005,2,"2016-01-23 00:00:00","2020-01-06 00:00:00",1893487,55,2388,9,USD,1
388006,1,"2016-01-23 00:00:00","2020-01-06 00:00:00",1098143,41,1393,3,GBP,0.7613
388006,2,"2016-01-23 00:00:00","2020-01-06 00:00:00",1098143,41,1627,2,GBP,0.7613
388006,3,"2016-01-23 00:00:00","2020-01-06 00:00:00",1098143,41,133,1,GBP,0.7613
388007,1,"2016-01-23 00:00:00","2020-01-06 00:00:00",1112613,42,459,4,GBP,0.7613
388008,1,"2016-01-23 00:00:00","2020-01-06 00:00:00",1170323,41,640,6,GBP,0.7613
388008,2,"2016-01-23 00:00:00","2020-01-06 00:00:00",1170323,41,1665,2,GBP,0.7613
388008,3,"2016-01-23 00:00:00","2020-01-06 00:00:00",1170323,41,665,2,GBP,0.7613
388008,4,"2016-01-23 00:00:00","2020-01-06 00:00:00",1170323,41,158,1,GBP,0.7613
388008,5,"2016-01-23 00:00:00","2020-01-06 00:00:00",1170323,41,96,3,GBP,0.7613
388009,1,"2016-01-23 00:00:00","2020-01-06 00:00:00",930705,40,1585,3,GBP,0.7613
388010,1,"2016-01-23 00:00:00","2020-01-06 00:00:00",1001228,39,827,4,GBP,0.7613
388010,2,"2016-01-23 00:00:00","2020-01-06 00:00:00",1001228,39,1139,1,GBP,0.7613
388011,1,"2016-01-23 00:00:00","2020-01-06 00:00:00",1702898,61,454,5,USD,1
388011,2,"2016-01-23 00:00:00","2020-01-06 00:00:00",1702898,61,50,1,USD,1
388011,3,"2016-01-23 00:00:00","2020-01-06 00:00:00",1702898,61,1653,2,USD,1
388011,4,"2016-01-23 00:00:00","2020-01-06 00:00:00",1702898,61,2094,1,USD,1
388011,5,"2016-01-23 00:00:00","2020-01-06 00:00:00",1702898,61,1692,3,USD,1
388011,6,"2016-01-23 00:00:00","2020-01-06 00:00:00",1702898,61,2106,7,USD,1
388011,7,"2016-01-23 00:00:00","2020-01-06 00:00:00",1702898,61,1211,2,USD,1
388012,1,"2016-01-23 00:00:00","2020-01-06 00:00:00",2086544,50,2113,1,USD,1
388012,2,"2016-01-23 00:00:00","2020-01-06 00:00:00",2086544,50,69,2,USD,1
388013,1,"2016-01-23 00:00:00","2016-01-30 00:00:00",1559552,0,1657,1,USD,1
388014,1,"2016-01-23 00:00:00","2020-01-06 00:00:00",1671541,57,1586,1,USD,1
388014,2,"2016-01-23 00:00:00","2020-01-06 00:00:00",1671541,57,1786,4,USD,1
388014,3,"2016-01-23 00:00:00","2020-01-06 00:00:00",1671541,57,2501,4,USD,1
390000,1,"2016-01-25 00:00:00","2020-01-06 00:00:00",1699570,59,1581,1,USD,1
390000,2,"2016-01-25 00:00:00","2020-01-06 00:00:00",1699570,59,2351,2,USD,1
390001,1,"2016-01-25 00:00:00","2020-01-06 00:00:00",1301552,51,189,2,USD,1
390001,2,"2016-01-25 00:00:00","2020-01-06 00:00:00",1301552,51,1617,7,USD,1
390001,3,"2016-01-25 00:00:00","2020-01-06 00:00:00",1301552,51,175,2,USD,1
390001,4,"2016-01-25 00:00:00","2020-01-06 00:00:00",1301552,51,186,2,USD,1
390001,6,"2016-01-25 00:00:00","2020-01-06 00:00:00",1301552,51,1605,1,USD,1
390002,1,"2016-01-25 00:00:00","2016-02-06 00:00:00",2029518,0,537,3,USD,1
390002,2,"2016-01-25 00:00:00","2016-02-06 00:00:00",2029518,0,1636,2,USD,1
390002,3,"2016-01-25 00:00:00","2016-02-06 00:00:00",2029518,0,1581,1,USD,1
390002,4,"2016-01-25 00:00:00","2016-02-06 00:00:00",2029518,0,1792,2,USD,1
390002,5,"2016-01-25 00:00:00","2016-02-06 00:00:00",2029518,0,458,1,USD,1
390003,1,"2016-01-25 00:00:00","2020-01-06 00:00:00",253233,10,1635,1,CAD,1.2976
390004,1,"2016-01-25 00:00:00","2020-01-06 00:00:00",1321513,48,152,2,USD,1
390005,1,"2016-01-25 00:00:00","2020-01-06 00:00:00",549766,22,1558,3,EUR,0.8933
390005,2,"2016-01-25 00:00:00","2020-01-06 00:00:00",549766,22,1594,1,EUR,0.8933
391000,1,"2016-01-26 00:00:00","2020-01-06 00:00:00",881876,32,2108,1,EUR,0.8933
391000,2,"2016-01-26 00:00:00","2020-01-06 00:00:00",881876,32,143,1,EUR,0.8933
391000,3,"2016-01-26 00:00:00","2020-01-06 00:00:00",881876,32,1662,2,EUR,0.8933
391001,1,"2016-01-26 00:00:00","2016-02-02 00:00:00",361945,0,1841,1,CAD,1.4005
391002,1,"2016-01-26 00:00:00","2020-01-06 00:00:00",1201225,45,1636,1,USD,1
391002,2,"2016-01-26 00:00:00","2020-01-06 00:00:00",1201225,45,1325,1,USD,1
391003,1,"2016-01-26 00:00:00","2020-01-06 00:00:00",1427869,44,1370,1,USD,1
391003,2,"2016-01-26 00:00:00","2020-01-06 00:00:00",1427869,44,1280,6,USD,1
391004,1,"2016-01-26 00:00:00","2020-01-06 00:00:00",444160,19,1588,3,EUR,0.8933
391004,2,"2016-01-26 00:00:00","2020-01-06 00:00:00",444160,19,69,6,EUR,0.8933
391006,1,"2016-01-26 00:00:00","2020-01-06 00:00:00",1885990,51,1467,1,USD,1
391006,2,"2016-01-26 00:00:00","2020-01-06 00:00:00",1885990,51,1590,2,USD,1
391007,1,"2016-01-26 00:00:00","2020-01-06 00:00:00",125950,6,1705,1,AUD,1.44
391007,2,"2016-01-26 00:00:00","2020-01-06 00:00:00",125950,6,138,1,AUD,1.44
392000,1,"2016-01-27 00:00:00","2020-01-06 00:00:00",1302998,51,1613,3,USD,1
392000,2,"2016-01-27 00:00:00","2020-01-06 00:00:00",1302998,51,1490,1,USD,1
392001,1,"2016-01-27 00:00:00","2020-01-06 00:00:00",1227891,54,155,2,USD,1
392002,1,"2016-01-27 00:00:00","2020-01-06 00:00:00",1855347,59,430,2,USD,1
392002,2,"2016-01-27 00:00:00","2020-01-06 00:00:00",1855347,59,1168,1,USD,1
392002,3,"2016-01-27 00:00:00","2020-01-06 00:00:00",1855347,59,144,2,USD,1
392002,4,"2016-01-27 00:00:00","2020-01-06 00:00:00",1855347,59,2298,2,USD,1
392003,1,"2016-01-27 00:00:00","2016-02-04 00:00:00",1471397,0,156,8,USD,1
392004,1,"2016-01-27 00:00:00","2016-02-01 00:00:00",401785,0,2118,3,EUR,0.9188
392004,2,"2016-01-27 00:00:00","2016-02-01 00:00:00",401785,0,1441,2,EUR,0.9188
392004,3,"2016-01-27 00:00:00","2016-02-01 00:00:00",401785,0,1449,2,EUR,0.9188
392004,4,"2016-01-27 00:00:00","2016-02-01 00:00:00",401785,0,1698,1,EUR,0.9188
392004,5,"2016-01-27 00:00:00","2016-02-01 00:00:00",401785,0,2006,1,EUR,0.9188
392005,1,"2016-01-27 00:00:00","2020-01-06 00:00:00",1458301,48,1586,1,USD,1
392005,2,"2016-01-27 00:00:00","2020-01-06 00:00:00",1458301,48,1050,1,USD,1
392005,3,"2016-01-27 00:00:00","2020-01-06 00:00:00",1458301,48,1100,6,USD,1
392005,4,"2016-01-27 00:00:00","2020-01-06 00:00:00",1458301,48,1607,9,USD,1
392006,1,"2016-01-27 00:00:00","2020-01-06 00:00:00",1310403,65,149,6,USD,1
392006,2,"2016-01-27 00:00:00","2020-01-06 00:00:00",1310403,65,1863,2,USD,1
392007,1,"2016-01-27 00:00:00","2020-01-06 00:00:00",1079159,41,84,5,GBP,0.7613
392007,2,"2016-01-27 00:00:00","2020-01-06 00:00:00",1079159,41,1573,2,GBP,0.7613
392007,3,"2016-01-27 00:00:00","2020-01-06 00:00:00",1079159,41,185,1,GBP,0.7613
392008,1,"2016-01-27 00:00:00","2020-01-06 00:00:00",992150,39,1659,3,GBP,0.7613
392009,1,"2016-01-27 00:00:00","2020-01-06 00:00:00",1724829,54,2161,3,USD,1
392009,2,"2016-01-27 00:00:00","2020-01-06 00:00:00",1724829,54,1387,1,USD,1
392010,1,"2016-01-27 00:00:00","2020-01-06 00:00:00",651767,18,1629,5,EUR,0.8933
392010,2,"2016-01-27 00:00:00","2020-01-06 00:00:00",651767,18,522,1,EUR,0.8933
392010,3,"2016-01-27 00:00:00","2020-01-06 00:00:00",651767,18,1668,2,EUR,0.8933
392010,4,"2016-01-27 00:00:00","2020-01-06 00:00:00",651767,18,189,9,EUR,0.8933
392010,5,"2016-01-27 00:00:00","2020-01-06 00:00:00",651767,18,1522,1,EUR,0.8933
392010,6,"2016-01-27 00:00:00","2020-01-06 00:00:00",651767,18,455,1,EUR,0.8933
393001,1,"2016-01-28 00:00:00","2020-01-06 00:00:00",530451,19,2267,7,EUR,0.8933
393001,2,"2016-01-28 00:00:00","2020-01-06 00:00:00",530451,19,1228,4,EUR,0.8933
393001,3,"2016-01-28 00:00:00","2020-01-06 00:00:00",530451,19,1593,1,EUR,0.8933
393001,4,"2016-01-28 00:00:00","2020-01-06 00:00:00",530451,19,1157,5,EUR,0.8933
393002,1,"2016-01-28 00:00:00","2020-01-06 00:00:00",792110,28,662,9,EUR,0.8933
393003,1,"2016-01-28 00:00:00","2020-01-06 00:00:00",1188400,38,2000,2,GBP,0.7613
393003,2,"2016-01-28 00:00:00","2020-01-06 00:00:00",1188400,38,2102,1,GBP,0.7613
393003,3,"2016-01-28 00:00:00","2020-01-06 00:00:00",1188400,38,1608,9,GBP,0.7613
393004,1,"2016-01-28 00:00:00","2016-02-09 00:00:00",2007813,0,415,3,USD,1
393004,2,"2016-01-28 00:00:00","2016-02-09 00:00:00",2007813,0,1629,1,USD,1
393005,1,"2016-01-28 00:00:00","2020-01-06 00:00:00",1112419,39,175,6,GBP,0.7613
393005,2,"2016-01-28 00:00:00","2020-01-06 00:00:00",1112419,39,2511,2,GBP,0.7613
393005,3,"2016-01-28 00:00:00","2020-01-06 00:00:00",1112419,39,1657,3,GBP,0.7613
393005,4,"2016-01-28 00:00:00","2020-01-06 00:00:00",1112419,39,417,2,GBP,0.7613
393006,1,"2016-01-28 00:00:00","2020-01-06 00:00:00",1765324,51,417,2,USD,1
393006,2,"2016-01-28 00:00:00","2020-01-06 00:00:00",1765324,51,2305,2,USD,1
393007,1,"2016-01-28 00:00:00","2020-01-06 00:00:00",1206405,45,1763,1,USD,1
393007,2,"2016-01-28 00:00:00","2020-01-06 00:00:00",1206405,45,121,1,USD,1
393007,3,"2016-01-28 00:00:00","2020-01-06 00:00:00",1206405,45,2387,7,USD,1
393007,4,"2016-01-28 00:00:00","2020-01-06 00:00:00",1206405,45,1901,3,USD,1
393008,1,"2016-01-28 00:00:00","2020-01-06 00:00:00",1823888,57,2038,1,USD,1
393009,1,"2016-01-28 00:00:00","2020-01-06 00:00:00",1765579,56,2024,1,USD,1
393010,1,"2016-01-28 00:00:00","2016-02-06 00:00:00",313968,0,1616,7,CAD,1.3751
393010,2,"2016-01-28 00:00:00","2016-02-06 00:00:00",313968,0,1477,2,CAD,1.3751
394000,1,"2016-01-29 00:00:00","2016-02-09 00:00:00",1736019,0,979,1,USD,1
394000,2,"2016-01-29 00:00:00","2016-02-09 00:00:00",1736019,0,113,4,USD,1
394001,1,"2016-01-29 00:00:00","2020-01-06 00:00:00",186894,5,1228,5,AUD,1.44
394001,2,"2016-01-29 00:00:00","2020-01-06 00:00:00",186894,5,519,8,AUD,1.44
394001,3,"2016-01-29 00:00:00","2020-01-06 00:00:00",186894,5,1652,3,AUD,1.44
394002,1,"2016-01-29 00:00:00","2020-01-06 00:00:00",452923,27,1695,1,EUR,0.8933
394002,2,"2016-01-29 00:00:00","2020-01-06 00:00:00",452923,27,1688,2,EUR,0.8933
394003,1,"2016-01-29 00:00:00","2020-01-06 00:00:00",431461,27,326,2,EUR,0.8933
394003,2,"2016-01-29 00:00:00","2020-01-06 00:00:00",431461,27,1697,3,EUR,0.8933
394003,3,"2016-01-29 00:00:00","2020-01-06 00:00:00",431461,27,654,2,EUR,0.8933
394004,1,"2016-01-29 00:00:00","2020-01-06 00:00:00",602720,16,1417,2,EUR,0.8933
394004,2,"2016-01-29 00:00:00","2020-01-06 00:00:00",602720,16,1138,1,EUR,0.8933
394004,3,"2016-01-29 00:00:00","2020-01-06 00:00:00",602720,16,1190,2,EUR,0.8933
394005,1,"2016-01-29 00:00:00","2020-01-06 00:00:00",1810401,65,174,4,USD,1
394005,2,"2016-01-29 00:00:00","2020-01-06 00:00:00",1810401,65,1712,6,USD,1
394006,1,"2016-01-29 00:00:00","2020-01-06 00:00:00",1041067,37,1802,6,GBP,0.7613
394007,1,"2016-01-29 00:00:00","2020-01-06 00:00:00",1337730,63,2077,5,USD,1
395000,1,"2016-01-30 00:00:00","2020-01-06 00:00:00",829132,32,128,4,EUR,0.8933
395001,1,"2016-01-30 00:00:00","2020-01-06 00:00:00",216550,10,2089,3,CAD,1.2976
395001,2,"2016-01-30 00:00:00","2020-01-06 00:00:00",216550,10,1610,1,CAD,1.2976
395001,3,"2016-01-30 00:00:00","2020-01-06 00:00:00",216550,10,1779,8,CAD,1.2976
395002,1,"2016-01-30 00:00:00","2020-01-06 00:00:00",250944,8,105,3,CAD,1.2976
395002,2,"2016-01-30 00:00:00","2020-01-06 00:00:00",250944,8,1621,3,CAD,1.2976
395003,1,"2016-01-30 00:00:00","2020-01-06 00:00:00",1296866,54,2355,2,USD,1
395003,2,"2016-01-30 00:00:00","2020-01-06 00:00:00",1296866,54,1209,3,USD,1
395003,3,"2016-01-30 00:00:00","2020-01-06 00:00:00",1296866,54,2,9,USD,1
395004,1,"2016-01-30 00:00:00","2020-01-06 00:00:00",2063107,45,1291,2,USD,1
395004,2,"2016-01-30 00:00:00","2020-01-06 00:00:00",2063107,45,2178,2,USD,1
395004,3,"2016-01-30 00:00:00","2020-01-06 00:00:00",2063107,45,1986,8,USD,1
395005,1,"2016-01-30 00:00:00","2020-01-06 00:00:00",2082135,54,1630,5,USD,1
395005,2,"2016-01-30 00:00:00","2020-01-06 00:00:00",2082135,54,1589,5,USD,1
395006,1,"2016-01-30 00:00:00","2020-01-06 00:00:00",127193,5,697,2,AUD,1.44
395006,2,"2016-01-30 00:00:00","2020-01-06 00:00:00",127193,5,1249,1,AUD,1.44
395006,3,"2016-01-30 00:00:00","2020-01-06 00:00:00",127193,5,1990,7,AUD,1.44
395006,4,"2016-01-30 00:00:00","2020-01-06 00:00:00",127193,5,1581,1,AUD,1.44
395007,1,"2016-01-30 00:00:00","2020-01-06 00:00:00",1714451,54,1605,2,USD,1
395007,2,"2016-01-30 00:00:00","2020-01-06 00:00:00",1714451,54,1603,4,USD,1
395007,3,"2016-01-30 00:00:00","2020-01-06 00:00:00",1714451,54,2014,6,USD,1
395008,1,"2016-01-30 00:00:00","2020-01-06 00:00:00",1401419,61,128,2,USD,1
395009,1,"2016-01-30 00:00:00","2020-01-06 00:00:00",731556,29,1156,2,EUR,0.8933
395010,1,"2016-01-30 00:00:00","2020-01-06 00:00:00",1549964,55,1076,5,USD,1
395011,1,"2016-01-30 00:00:00","2020-01-06 00:00:00",1114319,36,1587,1,GBP,0.7613
395011,2,"2016-01-30 00:00:00","2020-01-06 00:00:00",1114319,36,142,2,GBP,0.7613
395011,3,"2016-01-30 00:00:00","2020-01-06 00:00:00",1114319,36,1933,3,GBP,0.7613
395012,1,"2016-01-30 00:00:00","2020-01-06 00:00:00",1418448,65,1784,7,USD,1
395012,2,"2016-01-30 00:00:00","2020-01-06 00:00:00",1418448,65,1313,3,USD,1
395014,1,"2016-01-30 00:00:00","2020-01-06 00:00:00",1178352,42,1605,10,GBP,0.7613
397000,1,"2016-02-01 00:00:00","2020-01-06 00:00:00",1677739,55,1649,9,USD,1
397001,1,"2016-02-01 00:00:00","2020-01-06 00:00:00",1140654,37,1458,6,GBP,0.7613
397001,2,"2016-02-01 00:00:00","2020-01-06 00:00:00",1140654,37,390,1,GBP,0.7613
397002,1,"2016-02-01 00:00:00","2016-02-09 00:00:00",1348253,0,1607,2,USD,1
397002,2,"2016-02-01 00:00:00","2016-02-09 00:00:00",1348253,0,97,2,USD,1
397002,3,"2016-02-01 00:00:00","2016-02-09 00:00:00",1348253,0,2012,2,USD,1
397003,1,"2016-02-01 00:00:00","2020-01-06 00:00:00",760816,29,955,1,EUR,0.8933
397003,2,"2016-02-01 00:00:00","2020-01-06 00:00:00",760816,29,1614,1,EUR,0.8933
397003,3,"2016-02-01 00:00:00","2020-01-06 00:00:00",760816,29,1109,4,EUR,0.8933
397004,1,"2016-02-01 00:00:00","2016-02-10 00:00:00",1866421,0,123,2,USD,1
397004,2,"2016-02-01 00:00:00","2016-02-10 00:00:00",1866421,0,625,1,USD,1
397004,3,"2016-02-01 00:00:00","2016-02-10 00:00:00",1866421,0,1641,4,USD,1
397005,1,"2016-02-01 00:00:00","2020-01-06 00:00:00",1650783,64,1192,10,USD,1
397005,2,"2016-02-01 00:00:00","2020-01-06 00:00:00",1650783,64,2164,4,USD,1
397005,3,"2016-02-01 00:00:00","2020-01-06 00:00:00",1650783,64,1432,3,USD,1
397005,4,"2016-02-01 00:00:00","2020-01-06 00:00:00",1650783,64,1983,4,USD,1
397005,5,"2016-02-01 00:00:00","2020-01-06 00:00:00",1650783,64,1226,2,USD,1
397005,6,"2016-02-01 00:00:00","2020-01-06 00:00:00",1650783,64,1697,3,USD,1
397005,7,"2016-02-01 00:00:00","2020-01-06 00:00:00",1650783,64,1409,5,USD,1
398000,1,"2016-02-02 00:00:00","2020-01-06 00:00:00",1110229,42,1799,1,GBP,0.7613
398001,1,"2016-02-02 00:00:00","2020-01-06 00:00:00",130214,5,1588,7,AUD,1.44
398001,2,"2016-02-02 00:00:00","2020-01-06 00:00:00",130214,5,1259,8,AUD,1.44
398001,3,"2016-02-02 00:00:00","2020-01-06 00:00:00",130214,5,1194,1,AUD,1.44
398001,4,"2016-02-02 00:00:00","2020-01-06 00:00:00",130214,5,374,6,AUD,1.44
398002,1,"2016-02-02 00:00:00","2020-01-06 00:00:00",1822089,44,160,4,USD,1
398002,2,"2016-02-02 00:00:00","2020-01-06 00:00:00",1822089,44,1612,2,USD,1
398003,1,"2016-02-02 00:00:00","2020-01-06 00:00:00",1355155,51,31,1,USD,1
398003,3,"2016-02-02 00:00:00","2020-01-06 00:00:00",1355155,51,439,1,USD,1
398003,4,"2016-02-02 00:00:00","2020-01-06 00:00:00",1355155,51,1026,3,USD,1
398004,1,"2016-02-02 00:00:00","2020-01-06 00:00:00",1001493,36,70,2,GBP,0.7613
398004,2,"2016-02-02 00:00:00","2020-01-06 00:00:00",1001493,36,2060,3,GBP,0.7613
398004,3,"2016-02-02 00:00:00","2020-01-06 00:00:00",1001493,36,1736,9,GBP,0.7613
398004,4,"2016-02-02 00:00:00","2020-01-06 00:00:00",1001493,36,84,1,GBP,0.7613
398005,1,"2016-02-02 00:00:00","2020-01-06 00:00:00",1761462,63,1642,5,USD,1
398005,2,"2016-02-02 00:00:00","2020-01-06 00:00:00",1761462,63,424,3,USD,1
398005,3,"2016-02-02 00:00:00","2020-01-06 00:00:00",1761462,63,1672,1,USD,1
398005,4,"2016-02-02 00:00:00","2020-01-06 00:00:00",1761462,63,445,8,USD,1
398006,1,"2016-02-02 00:00:00","2020-01-06 00:00:00",857287,34,1274,1,EUR,0.8933
398006,2,"2016-02-02 00:00:00","2020-01-06 00:00:00",857287,34,1348,4,EUR,0.8933
398006,3,"2016-02-02 00:00:00","2020-01-06 00:00:00",857287,34,1556,3,EUR,0.8933
398006,4,"2016-02-02 00:00:00","2020-01-06 00:00:00",857287,34,1525,2,EUR,0.8933
398006,5,"2016-02-02 00:00:00","2020-01-06 00:00:00",857287,34,326,1,EUR,0.8933
398006,6,"2016-02-02 00:00:00","2020-01-06 00:00:00",857287,34,1056,1,EUR,0.8933
398006,7,"2016-02-02 00:00:00","2020-01-06 00:00:00",857287,34,702,3,EUR,0.8933
398007,1,"2016-02-02 00:00:00","2020-01-06 00:00:00",1042883,42,445,5,GBP,0.7613
398007,2,"2016-02-02 00:00:00","2020-01-06 00:00:00",1042883,42,1804,3,GBP,0.7613
399000,1,"2016-02-03 00:00:00","2020-01-06 00:00:00",1887449,64,1633,5,USD,1
399001,1,"2016-02-03 00:00:00","2020-01-06 00:00:00",687377,12,1781,10,EUR,0.8933
399002,1,"2016-02-03 00:00:00","2020-01-06 00:00:00",1476450,51,2054,2,USD,1
399003,1,"2016-02-03 00:00:00","2020-01-06 00:00:00",1232687,59,1631,5,USD,1
399003,2,"2016-02-03 00:00:00","2020-01-06 00:00:00",1232687,59,93,2,USD,1
399003,3,"2016-02-03 00:00:00","2020-01-06 00:00:00",1232687,59,1589,2,USD,1
399003,4,"2016-02-03 00:00:00","2020-01-06 00:00:00",1232687,59,1802,4,USD,1
399003,5,"2016-02-03 00:00:00","2020-01-06 00:00:00",1232687,59,1576,2,USD,1
399003,6,"2016-02-03 00:00:00","2020-01-06 00:00:00",1232687,59,103,2,USD,1
399004,1,"2016-02-03 00:00:00","2016-02-11 00:00:00",822698,0,1058,3,EUR,0.8813
399006,1,"2016-02-03 00:00:00","2020-01-06 00:00:00",1363203,65,361,7,USD,1
399007,1,"2016-02-03 00:00:00","2020-01-06 00:00:00",1191228,38,1576,1,GBP,0.7613
399007,2,"2016-02-03 00:00:00","2020-01-06 00:00:00",1191228,38,1543,1,GBP,0.7613
399009,1,"2016-02-03 00:00:00","2020-01-06 00:00:00",784001,28,735,5,EUR,0.8933
399009,2,"2016-02-03 00:00:00","2020-01-06 00:00:00",784001,28,73,6,EUR,0.8933
399010,1,"2016-02-03 00:00:00","2020-01-06 00:00:00",906625,36,1516,1,GBP,0.7613
399010,2,"2016-02-03 00:00:00","2020-01-06 00:00:00",906625,36,2147,1,GBP,0.7613
399010,3,"2016-02-03 00:00:00","2020-01-06 00:00:00",906625,36,1624,1,GBP,0.7613
399010,4,"2016-02-03 00:00:00","2020-01-06 00:00:00",906625,36,1627,4,GBP,0.7613
399010,5,"2016-02-03 00:00:00","2020-01-06 00:00:00",906625,36,1142,1,GBP,0.7613
399010,6,"2016-02-03 00:00:00","2020-01-06 00:00:00",906625,36,1424,6,GBP,0.7613
400000,1,"2016-02-04 00:00:00","2020-01-06 00:00:00",1883755,61,138,2,USD,1
400000,2,"2016-02-04 00:00:00","2020-01-06 00:00:00",1883755,61,71,4,USD,1
400001,1,"2016-02-04 00:00:00","2020-01-06 00:00:00",264640,8,2037,1,CAD,1.2976
400001,2,"2016-02-04 00:00:00","2020-01-06 00:00:00",264640,8,1199,3,CAD,1.2976
400002,1,"2016-02-04 00:00:00","2020-01-06 00:00:00",363872,9,54,1,CAD,1.2976
400002,2,"2016-02-04 00:00:00","2020-01-06 00:00:00",363872,9,2019,1,CAD,1.2976
400002,3,"2016-02-04 00:00:00","2020-01-06 00:00:00",363872,9,1293,4,CAD,1.2976
400002,4,"2016-02-04 00:00:00","2020-01-06 00:00:00",363872,9,419,8,CAD,1.2976
400003,1,"2016-02-04 00:00:00","2020-01-06 00:00:00",446883,27,164,8,EUR,0.8933
400003,2,"2016-02-04 00:00:00","2020-01-06 00:00:00",446883,27,1638,1,EUR,0.8933
400003,3,"2016-02-04 00:00:00","2020-01-06 00:00:00",446883,27,1331,7,EUR,0.8933
400004,1,"2016-02-04 00:00:00","2020-01-06 00:00:00",106880,5,1426,10,AUD,1.44
400004,2,"2016-02-04 00:00:00","2020-01-06 00:00:00",106880,5,1619,7,AUD,1.44
400004,3,"2016-02-04 00:00:00","2020-01-06 00:00:00",106880,5,180,1,AUD,1.44
400004,4,"2016-02-04 00:00:00","2020-01-06 00:00:00",106880,5,1837,1,AUD,1.44
400005,1,"2016-02-04 00:00:00","2020-01-06 00:00:00",2065817,65,1913,9,USD,1
400006,1,"2016-02-04 00:00:00","2016-02-10 00:00:00",1996959,0,1284,3,USD,1
400007,1,"2016-02-04 00:00:00","2020-01-06 00:00:00",1987941,63,152,5,USD,1
400007,2,"2016-02-04 00:00:00","2020-01-06 00:00:00",1987941,63,1420,2,USD,1
400007,3,"2016-02-04 00:00:00","2020-01-06 00:00:00",1987941,63,181,3,USD,1
400009,1,"2016-02-04 00:00:00","2020-01-06 00:00:00",1310047,45,1746,2,USD,1
400010,1,"2016-02-04 00:00:00","2016-02-10 00:00:00",606808,0,1746,8,EUR,0.8883
400010,2,"2016-02-04 00:00:00","2016-02-10 00:00:00",606808,0,1664,3,EUR,0.8883
400010,3,"2016-02-04 00:00:00","2016-02-10 00:00:00",606808,0,965,3,EUR,0.8883
400011,1,"2016-02-04 00:00:00","2020-01-06 00:00:00",1122248,37,458,2,GBP,0.7613
401002,1,"2016-02-05 00:00:00","2020-01-06 00:00:00",1787415,48,1583,2,USD,1
401002,2,"2016-02-05 00:00:00","2020-01-06 00:00:00",1787415,48,1409,3,USD,1
401002,3,"2016-02-05 00:00:00","2020-01-06 00:00:00",1787415,48,303,1,USD,1
401002,4,"2016-02-05 00:00:00","2020-01-06 00:00:00",1787415,48,156,4,USD,1
401003,1,"2016-02-05 00:00:00","2020-01-06 00:00:00",376977,8,34,2,CAD,1.2976
401004,1,"2016-02-05 00:00:00","2020-01-06 00:00:00",1565847,47,667,6,USD,1
401005,1,"2016-02-05 00:00:00","2020-01-06 00:00:00",953489,41,2044,7,GBP,0.7613
401005,2,"2016-02-05 00:00:00","2020-01-06 00:00:00",953489,41,501,2,GBP,0.7613
401005,3,"2016-02-05 00:00:00","2020-01-06 00:00:00",953489,41,400,5,GBP,0.7613
401005,4,"2016-02-05 00:00:00","2020-01-06 00:00:00",953489,41,58,1,GBP,0.7613
401005,5,"2016-02-05 00:00:00","2020-01-06 00:00:00",953489,41,1612,6,GBP,0.7613
401005,6,"2016-02-05 00:00:00","2020-01-06 00:00:00",953489,41,1591,3,GBP,0.7613
401007,1,"2016-02-05 00:00:00","2020-01-06 00:00:00",1774119,47,1494,3,USD,1
402000,1,"2016-02-06 00:00:00","2020-01-06 00:00:00",1086200,37,1466,1,GBP,0.7613
402000,2,"2016-02-06 00:00:00","2020-01-06 00:00:00",1086200,37,1315,3,GBP,0.7613
402001,1,"2016-02-06 00:00:00","2020-01-06 00:00:00",732289,28,83,2,EUR,0.8933
402001,2,"2016-02-06 00:00:00","2020-01-06 00:00:00",732289,28,1647,1,EUR,0.8933
402001,3,"2016-02-06 00:00:00","2020-01-06 00:00:00",732289,28,112,2,EUR,0.8933
402001,4,"2016-02-06 00:00:00","2020-01-06 00:00:00",732289,28,1495,5,EUR,0.8933
402002,1,"2016-02-06 00:00:00","2020-01-06 00:00:00",1673191,47,1602,7,USD,1
402004,1,"2016-02-06 00:00:00","2020-01-06 00:00:00",1906975,54,1134,5,USD,1
402005,1,"2016-02-06 00:00:00","2020-01-06 00:00:00",941746,39,2301,7,GBP,0.7613
402005,2,"2016-02-06 00:00:00","2020-01-06 00:00:00",941746,39,153,2,GBP,0.7613
402006,1,"2016-02-06 00:00:00","2020-01-06 00:00:00",1763642,64,146,3,USD,1
402006,2,"2016-02-06 00:00:00","2020-01-06 00:00:00",1763642,64,2030,7,USD,1
402007,1,"2016-02-06 00:00:00","2020-01-06 00:00:00",957784,41,1632,5,GBP,0.7613
402007,2,"2016-02-06 00:00:00","2020-01-06 00:00:00",957784,41,1132,2,GBP,0.7613
402007,3,"2016-02-06 00:00:00","2020-01-06 00:00:00",957784,41,1002,3,GBP,0.7613
402008,1,"2016-02-06 00:00:00","2020-01-06 00:00:00",1427596,61,191,3,USD,1
402008,2,"2016-02-06 00:00:00","2020-01-06 00:00:00",1427596,61,2110,8,USD,1
402009,1,"2016-02-06 00:00:00","2020-01-06 00:00:00",783691,30,154,4,EUR,0.8933
402009,2,"2016-02-06 00:00:00","2020-01-06 00:00:00",783691,30,1163,6,EUR,0.8933
402010,1,"2016-02-06 00:00:00","2016-02-13 00:00:00",1653624,0,974,3,USD,1
402011,1,"2016-02-06 00:00:00","2020-01-06 00:00:00",1730479,59,147,4,USD,1
402011,2,"2016-02-06 00:00:00","2020-01-06 00:00:00",1730479,59,53,2,USD,1
402012,1,"2016-02-06 00:00:00","2020-01-06 00:00:00",1392371,51,505,8,USD,1
402012,2,"2016-02-06 00:00:00","2020-01-06 00:00:00",1392371,51,1109,2,USD,1
402012,3,"2016-02-06 00:00:00","2020-01-06 00:00:00",1392371,51,1512,4,USD,1
402012,4,"2016-02-06 00:00:00","2020-01-06 00:00:00",1392371,51,1033,8,USD,1
402013,1,"2016-02-06 00:00:00","2020-01-06 00:00:00",729681,28,135,3,EUR,0.8933
402013,2,"2016-02-06 00:00:00","2020-01-06 00:00:00",729681,28,160,6,EUR,0.8933
402013,3,"2016-02-06 00:00:00","2020-01-06 00:00:00",729681,28,2139,1,EUR,0.8933
402013,4,"2016-02-06 00:00:00","2020-01-06 00:00:00",729681,28,119,1,EUR,0.8933
404000,1,"2016-02-08 00:00:00","2020-01-06 00:00:00",1258466,54,136,3,USD,1
404000,2,"2016-02-08 00:00:00","2020-01-06 00:00:00",1258466,54,1258,5,USD,1
404000,3,"2016-02-08 00:00:00","2020-01-06 00:00:00",1258466,54,1595,1,USD,1
404000,4,"2016-02-08 00:00:00","2020-01-06 00:00:00",1258466,54,2109,2,USD,1
404001,1,"2016-02-08 00:00:00","2020-01-06 00:00:00",495894,22,2153,2,EUR,0.8933
404001,2,"2016-02-08 00:00:00","2020-01-06 00:00:00",495894,22,1635,1,EUR,0.8933
404002,1,"2016-02-08 00:00:00","2020-01-06 00:00:00",1324963,57,1612,3,USD,1
404002,2,"2016-02-08 00:00:00","2020-01-06 00:00:00",1324963,57,166,1,USD,1
404002,3,"2016-02-08 00:00:00","2020-01-06 00:00:00",1324963,57,1545,2,USD,1
404002,4,"2016-02-08 00:00:00","2020-01-06 00:00:00",1324963,57,471,3,USD,1
404004,1,"2016-02-08 00:00:00","2020-01-06 00:00:00",368115,10,2502,1,CAD,1.2976
404004,2,"2016-02-08 00:00:00","2020-01-06 00:00:00",368115,10,1272,5,CAD,1.2976
404004,3,"2016-02-08 00:00:00","2020-01-06 00:00:00",368115,10,404,1,CAD,1.2976
404005,1,"2016-02-08 00:00:00","2016-02-16 00:00:00",295597,0,491,1,CAD,1.3819
404005,2,"2016-02-08 00:00:00","2016-02-16 00:00:00",295597,0,1456,5,CAD,1.3819
405000,1,"2016-02-09 00:00:00","2020-01-06 00:00:00",1548406,47,1683,2,USD,1
405001,1,"2016-02-09 00:00:00","2020-01-06 00:00:00",1437592,50,375,8,USD,1
405001,2,"2016-02-09 00:00:00","2020-01-06 00:00:00",1437592,50,768,2,USD,1
405001,3,"2016-02-09 00:00:00","2020-01-06 00:00:00",1437592,50,1640,1,USD,1
405002,1,"2016-02-09 00:00:00","2020-01-06 00:00:00",474309,27,429,4,EUR,0.8933
405002,2,"2016-02-09 00:00:00","2020-01-06 00:00:00",474309,27,2105,4,EUR,0.8933
405002,3,"2016-02-09 00:00:00","2020-01-06 00:00:00",474309,27,1620,2,EUR,0.8933
405002,4,"2016-02-09 00:00:00","2020-01-06 00:00:00",474309,27,126,2,EUR,0.8933
405002,5,"2016-02-09 00:00:00","2020-01-06 00:00:00",474309,27,337,7,EUR,0.8933
405002,6,"2016-02-09 00:00:00","2020-01-06 00:00:00",474309,27,2367,2,EUR,0.8933
405002,7,"2016-02-09 00:00:00","2020-01-06 00:00:00",474309,27,1639,1,EUR,0.8933
405003,1,"2016-02-09 00:00:00","2020-01-06 00:00:00",582819,24,1648,3,EUR,0.8933
405003,2,"2016-02-09 00:00:00","2020-01-06 00:00:00",582819,24,1302,1,EUR,0.8933
405005,1,"2016-02-09 00:00:00","2016-02-15 00:00:00",39894,0,1608,8,AUD,1.3975
405006,1,"2016-02-09 00:00:00","2020-01-06 00:00:00",622011,17,1618,1,EUR,0.8933
405006,2,"2016-02-09 00:00:00","2020-01-06 00:00:00",622011,17,1603,1,EUR,0.8933
405006,3,"2016-02-09 00:00:00","2020-01-06 00:00:00",622011,17,1599,8,EUR,0.8933
405007,1,"2016-02-09 00:00:00","2020-01-06 00:00:00",1906549,57,1413,2,USD,1
406000,1,"2016-02-10 00:00:00","2020-01-06 00:00:00",1533894,50,1134,2,USD,1
406001,1,"2016-02-10 00:00:00","2016-02-15 00:00:00",1610147,0,1684,5,USD,1
406001,2,"2016-02-10 00:00:00","2016-02-15 00:00:00",1610147,0,100,2,USD,1
406001,3,"2016-02-10 00:00:00","2016-02-15 00:00:00",1610147,0,1500,3,USD,1
406001,4,"2016-02-10 00:00:00","2016-02-15 00:00:00",1610147,0,430,3,USD,1
406001,5,"2016-02-10 00:00:00","2016-02-15 00:00:00",1610147,0,2099,1,USD,1
406001,6,"2016-02-10 00:00:00","2016-02-15 00:00:00",1610147,0,450,1,USD,1
406001,7,"2016-02-10 00:00:00","2016-02-15 00:00:00",1610147,0,452,2,USD,1
406002,1,"2016-02-10 00:00:00","2020-01-06 00:00:00",1954639,47,1791,1,USD,1
406002,2,"2016-02-10 00:00:00","2020-01-06 00:00:00",1954639,47,64,7,USD,1
406002,3,"2016-02-10 00:00:00","2020-01-06 00:00:00",1954639,47,1191,1,USD,1
406003,1,"2016-02-10 00:00:00","2020-01-06 00:00:00",1310201,65,432,10,USD,1
406003,2,"2016-02-10 00:00:00","2020-01-06 00:00:00",1310201,65,100,3,USD,1
406004,1,"2016-02-10 00:00:00","2020-01-06 00:00:00",1389462,43,725,1,USD,1
406005,1,"2016-02-10 00:00:00","2020-01-06 00:00:00",1883820,61,2495,7,USD,1
406005,2,"2016-02-10 00:00:00","2020-01-06 00:00:00",1883820,61,90,3,USD,1
406006,1,"2016-02-10 00:00:00","2020-01-06 00:00:00",761306,29,593,2,EUR,0.8933
406006,2,"2016-02-10 00:00:00","2020-01-06 00:00:00",761306,29,62,3,EUR,0.8933
406006,3,"2016-02-10 00:00:00","2020-01-06 00:00:00",761306,29,1584,1,EUR,0.8933
406006,4,"2016-02-10 00:00:00","2020-01-06 00:00:00",761306,29,979,7,EUR,0.8933
406006,5,"2016-02-10 00:00:00","2020-01-06 00:00:00",761306,29,135,1,EUR,0.8933
406006,6,"2016-02-10 00:00:00","2020-01-06 00:00:00",761306,29,1703,2,EUR,0.8933
406007,1,"2016-02-10 00:00:00","2016-02-20 00:00:00",1451764,0,1602,2,USD,1
406008,1,"2016-02-10 00:00:00","2020-01-06 00:00:00",1827243,66,430,1,USD,1
406008,2,"2016-02-10 00:00:00","2020-01-06 00:00:00",1827243,66,435,9,USD,1
406008,3,"2016-02-10 00:00:00","2020-01-06 00:00:00",1827243,66,152,4,USD,1
406008,4,"2016-02-10 00:00:00","2020-01-06 00:00:00",1827243,66,2421,5,USD,1
406008,5,"2016-02-10 00:00:00","2020-01-06 00:00:00",1827243,66,1703,3,USD,1
406008,6,"2016-02-10 00:00:00","2020-01-06 00:00:00",1827243,66,72,4,USD,1
406008,7,"2016-02-10 00:00:00","2020-01-06 00:00:00",1827243,66,305,4,USD,1
406009,1,"2016-02-10 00:00:00","2020-01-06 00:00:00",332217,8,537,3,CAD,1.2976
406010,1,"2016-02-10 00:00:00","2020-01-06 00:00:00",490481,20,1605,3,EUR,0.8933
406010,2,"2016-02-10 00:00:00","2020-01-06 00:00:00",490481,20,1593,3,EUR,0.8933
406010,3,"2016-02-10 00:00:00","2020-01-06 00:00:00",490481,20,2436,2,EUR,0.8933
406010,4,"2016-02-10 00:00:00","2020-01-06 00:00:00",490481,20,2168,1,EUR,0.8933
407000,1,"2016-02-11 00:00:00","2020-01-06 00:00:00",526411,19,1369,3,EUR,0.8933
407000,2,"2016-02-11 00:00:00","2020-01-06 00:00:00",526411,19,150,3,EUR,0.8933
407001,1,"2016-02-11 00:00:00","2020-01-06 00:00:00",993480,37,1008,3,GBP,0.7613
407001,2,"2016-02-11 00:00:00","2020-01-06 00:00:00",993480,37,1606,1,GBP,0.7613
407001,3,"2016-02-11 00:00:00","2020-01-06 00:00:00",993480,37,1446,7,GBP,0.7613
407002,1,"2016-02-11 00:00:00","2016-02-16 00:00:00",1342915,0,1092,8,USD,1
407003,1,"2016-02-11 00:00:00","2020-01-06 00:00:00",960606,38,1743,1,GBP,0.7613
407003,2,"2016-02-11 00:00:00","2020-01-06 00:00:00",960606,38,2033,1,GBP,0.7613
407003,3,"2016-02-11 00:00:00","2020-01-06 00:00:00",960606,38,114,1,GBP,0.7613
407004,1,"2016-02-11 00:00:00","2020-01-06 00:00:00",307767,10,1674,2,CAD,1.2976
407004,2,"2016-02-11 00:00:00","2020-01-06 00:00:00",307767,10,1361,5,CAD,1.2976
407004,3,"2016-02-11 00:00:00","2020-01-06 00:00:00",307767,10,1667,1,CAD,1.2976
407005,1,"2016-02-11 00:00:00","2020-01-06 00:00:00",2043928,59,597,2,USD,1
407005,2,"2016-02-11 00:00:00","2020-01-06 00:00:00",2043928,59,2501,2,USD,1
407005,3,"2016-02-11 00:00:00","2020-01-06 00:00:00",2043928,59,523,1,USD,1
407005,4,"2016-02-11 00:00:00","2020-01-06 00:00:00",2043928,59,327,3,USD,1
407005,5,"2016-02-11 00:00:00","2020-01-06 00:00:00",2043928,59,81,6,USD,1
407006,1,"2016-02-11 00:00:00","2020-01-06 00:00:00",516663,27,1018,4,EUR,0.8933
407006,2,"2016-02-11 00:00:00","2020-01-06 00:00:00",516663,27,957,1,EUR,0.8933
407007,1,"2016-02-11 00:00:00","2020-01-06 00:00:00",224111,10,151,1,CAD,1.2976
407007,2,"2016-02-11 00:00:00","2020-01-06 00:00:00",224111,10,1845,3,CAD,1.2976
407007,3,"2016-02-11 00:00:00","2020-01-06 00:00:00",224111,10,1675,1,CAD,1.2976
407007,4,"2016-02-11 00:00:00","2020-01-06 00:00:00",224111,10,1578,1,CAD,1.2976
407009,1,"2016-02-11 00:00:00","2020-01-06 00:00:00",367131,9,1863,6,CAD,1.2976
407009,2,"2016-02-11 00:00:00","2020-01-06 00:00:00",367131,9,385,1,CAD,1.2976
407010,1,"2016-02-11 00:00:00","2016-02-14 00:00:00",1380756,0,1580,1,USD,1
407010,2,"2016-02-11 00:00:00","2016-02-14 00:00:00",1380756,0,2083,6,USD,1
407010,3,"2016-02-11 00:00:00","2016-02-14 00:00:00",1380756,0,1693,2,USD,1
407011,1,"2016-02-11 00:00:00","2020-01-06 00:00:00",1983649,50,596,1,USD,1
407011,2,"2016-02-11 00:00:00","2020-01-06 00:00:00",1983649,50,446,2,USD,1
407011,3,"2016-02-11 00:00:00","2020-01-06 00:00:00",1983649,50,146,1,USD,1
407011,4,"2016-02-11 00:00:00","2020-01-06 00:00:00",1983649,50,774,2,USD,1
408001,1,"2016-02-12 00:00:00","2020-01-06 00:00:00",322186,9,1252,5,CAD,1.2976
408001,2,"2016-02-12 00:00:00","2020-01-06 00:00:00",322186,9,1703,4,CAD,1.2976
408001,3,"2016-02-12 00:00:00","2020-01-06 00:00:00",322186,9,1093,6,CAD,1.2976
408001,4,"2016-02-12 00:00:00","2020-01-06 00:00:00",322186,9,1655,5,CAD,1.2976
408002,1,"2016-02-12 00:00:00","2020-01-06 00:00:00",1297155,43,1279,3,USD,1
408003,1,"2016-02-12 00:00:00","2020-01-06 00:00:00",1716565,61,1584,7,USD,1
408003,2,"2016-02-12 00:00:00","2020-01-06 00:00:00",1716565,61,95,1,USD,1
408003,3,"2016-02-12 00:00:00","2020-01-06 00:00:00",1716565,61,1063,10,USD,1
408003,4,"2016-02-12 00:00:00","2020-01-06 00:00:00",1716565,61,1905,3,USD,1
408004,1,"2016-02-12 00:00:00","2020-01-06 00:00:00",784296,29,1679,2,EUR,0.8933
408005,1,"2016-02-12 00:00:00","2020-01-06 00:00:00",1788888,57,449,6,USD,1
408005,2,"2016-02-12 00:00:00","2020-01-06 00:00:00",1788888,57,1843,1,USD,1
408005,3,"2016-02-12 00:00:00","2020-01-06 00:00:00",1788888,57,1699,1,USD,1
408005,4,"2016-02-12 00:00:00","2020-01-06 00:00:00",1788888,57,2057,1,USD,1
408005,5,"2016-02-12 00:00:00","2020-01-06 00:00:00",1788888,57,1648,1,USD,1
408006,1,"2016-02-12 00:00:00","2020-01-06 00:00:00",1551319,61,157,3,USD,1
408006,2,"2016-02-12 00:00:00","2020-01-06 00:00:00",1551319,61,2496,4,USD,1
408006,3,"2016-02-12 00:00:00","2020-01-06 00:00:00",1551319,61,1826,1,USD,1
408006,4,"2016-02-12 00:00:00","2020-01-06 00:00:00",1551319,61,1929,3,USD,1
408007,1,"2016-02-12 00:00:00","2020-01-06 00:00:00",656387,14,654,2,EUR,0.8933
408008,1,"2016-02-12 00:00:00","2020-01-06 00:00:00",326510,10,1707,4,CAD,1.2976
408010,1,"2016-02-12 00:00:00","2020-01-06 00:00:00",1908175,47,115,2,USD,1
409000,1,"2016-02-13 00:00:00","2020-01-06 00:00:00",1747015,64,125,2,USD,1
409000,2,"2016-02-13 00:00:00","2020-01-06 00:00:00",1747015,64,1789,7,USD,1
409000,3,"2016-02-13 00:00:00","2020-01-06 00:00:00",1747015,64,120,7,USD,1
409000,4,"2016-02-13 00:00:00","2020-01-06 00:00:00",1747015,64,1788,1,USD,1
409001,1,"2016-02-13 00:00:00","2016-02-17 00:00:00",1856221,0,2094,2,USD,1
409001,2,"2016-02-13 00:00:00","2016-02-17 00:00:00",1856221,0,161,7,USD,1
409001,3,"2016-02-13 00:00:00","2016-02-17 00:00:00",1856221,0,1598,3,USD,1
409001,4,"2016-02-13 00:00:00","2016-02-17 00:00:00",1856221,0,2109,3,USD,1
409002,1,"2016-02-13 00:00:00","2020-01-06 00:00:00",1959938,66,560,7,USD,1
409003,1,"2016-02-13 00:00:00","2020-01-06 00:00:00",919575,38,1315,1,GBP,0.7613
409003,2,"2016-02-13 00:00:00","2020-01-06 00:00:00",919575,38,2508,7,GBP,0.7613
409003,3,"2016-02-13 00:00:00","2020-01-06 00:00:00",919575,38,107,7,GBP,0.7613
409004,1,"2016-02-13 00:00:00","2020-01-06 00:00:00",1303360,53,1634,1,USD,1
409004,2,"2016-02-13 00:00:00","2020-01-06 00:00:00",1303360,53,2266,5,USD,1
409004,3,"2016-02-13 00:00:00","2020-01-06 00:00:00",1303360,53,1643,3,USD,1
409004,4,"2016-02-13 00:00:00","2020-01-06 00:00:00",1303360,53,1037,1,USD,1
409005,1,"2016-02-13 00:00:00","2020-01-06 00:00:00",1156077,42,1334,2,GBP,0.7613
409005,2,"2016-02-13 00:00:00","2020-01-06 00:00:00",1156077,42,1995,2,GBP,0.7613
409006,1,"2016-02-13 00:00:00","2020-01-06 00:00:00",1345382,56,2435,1,USD,1
409006,2,"2016-02-13 00:00:00","2020-01-06 00:00:00",1345382,56,1563,2,USD,1
409006,3,"2016-02-13 00:00:00","2020-01-06 00:00:00",1345382,56,456,1,USD,1
409007,1,"2016-02-13 00:00:00","2020-01-06 00:00:00",65163,5,1743,2,AUD,1.44
409008,1,"2016-02-13 00:00:00","2020-01-06 00:00:00",581812,20,47,1,EUR,0.8933
409008,2,"2016-02-13 00:00:00","2020-01-06 00:00:00",581812,20,1323,2,EUR,0.8933
409008,3,"2016-02-13 00:00:00","2020-01-06 00:00:00",581812,20,111,7,EUR,0.8933
409009,1,"2016-02-13 00:00:00","2020-01-06 00:00:00",824810,32,2488,4,EUR,0.8933
409009,2,"2016-02-13 00:00:00","2020-01-06 00:00:00",824810,32,1576,1,EUR,0.8933
409010,1,"2016-02-13 00:00:00","2020-01-06 00:00:00",1179746,39,2093,2,GBP,0.7613
409011,1,"2016-02-13 00:00:00","2020-01-06 00:00:00",471223,23,437,5,EUR,0.8933
409011,2,"2016-02-13 00:00:00","2020-01-06 00:00:00",471223,23,1170,1,EUR,0.8933
409011,3,"2016-02-13 00:00:00","2020-01-06 00:00:00",471223,23,55,8,EUR,0.8933
409011,4,"2016-02-13 00:00:00","2020-01-06 00:00:00",471223,23,18,3,EUR,0.8933
409011,6,"2016-02-13 00:00:00","2020-01-06 00:00:00",471223,23,1654,2,EUR,0.8933
409012,1,"2016-02-13 00:00:00","2020-01-06 00:00:00",2044567,57,1243,5,USD,1
409013,1,"2016-02-13 00:00:00","2020-01-06 00:00:00",1837049,64,1458,2,USD,1
409013,2,"2016-02-13 00:00:00","2020-01-06 00:00:00",1837049,64,336,6,USD,1
409014,1,"2016-02-13 00:00:00","2020-01-06 00:00:00",448232,19,451,10,EUR,0.8933
409014,2,"2016-02-13 00:00:00","2020-01-06 00:00:00",448232,19,1514,1,EUR,0.8933
409014,3,"2016-02-13 00:00:00","2020-01-06 00:00:00",448232,19,1420,1,EUR,0.8933
409015,1,"2016-02-13 00:00:00","2020-01-06 00:00:00",613693,15,1175,2,EUR,0.8933
409016,1,"2016-02-13 00:00:00","2020-01-06 00:00:00",1451919,63,1402,6,USD,1
409016,2,"2016-02-13 00:00:00","2020-01-06 00:00:00",1451919,63,864,2,USD,1
409016,3,"2016-02-13 00:00:00","2020-01-06 00:00:00",1451919,63,71,3,USD,1
409016,4,"2016-02-13 00:00:00","2020-01-06 00:00:00",1451919,63,2114,8,USD,1
409018,1,"2016-02-13 00:00:00","2020-01-06 00:00:00",1083191,37,2023,1,GBP,0.7613
409018,2,"2016-02-13 00:00:00","2020-01-06 00:00:00",1083191,37,173,2,GBP,0.7613
409019,1,"2016-02-13 00:00:00","2020-01-06 00:00:00",1157316,41,184,1,GBP,0.7613
409020,1,"2016-02-13 00:00:00","2016-02-24 00:00:00",250944,0,1977,1,CAD,1.3839
409021,1,"2016-02-13 00:00:00","2016-02-22 00:00:00",730203,0,1642,1,EUR,0.9069
409022,1,"2016-02-13 00:00:00","2016-02-25 00:00:00",944448,0,1850,4,GBP,0.7157
410000,1,"2016-02-14 00:00:00","2020-01-06 00:00:00",1349131,51,1605,1,USD,1
410000,2,"2016-02-14 00:00:00","2020-01-06 00:00:00",1349131,51,2159,2,USD,1
410000,3,"2016-02-14 00:00:00","2020-01-06 00:00:00",1349131,51,2110,2,USD,1
410001,1,"2016-02-14 00:00:00","2020-01-06 00:00:00",316485,10,609,7,CAD,1.2976
410001,2,"2016-02-14 00:00:00","2020-01-06 00:00:00",316485,10,425,4,CAD,1.2976
411000,1,"2016-02-15 00:00:00","2020-01-06 00:00:00",761306,30,148,3,EUR,0.8933
411001,1,"2016-02-15 00:00:00","2020-01-06 00:00:00",1796950,63,1063,2,USD,1
411001,2,"2016-02-15 00:00:00","2020-01-06 00:00:00",1796950,63,58,2,USD,1
411001,3,"2016-02-15 00:00:00","2020-01-06 00:00:00",1796950,63,1575,1,USD,1
411001,4,"2016-02-15 00:00:00","2020-01-06 00:00:00",1796950,63,1390,8,USD,1
411001,5,"2016-02-15 00:00:00","2020-01-06 00:00:00",1796950,63,442,1,USD,1
411002,1,"2016-02-15 00:00:00","2016-02-25 00:00:00",1965605,0,1616,4,USD,1
411003,1,"2016-02-15 00:00:00","2020-01-06 00:00:00",1602459,65,86,3,USD,1
411003,2,"2016-02-15 00:00:00","2020-01-06 00:00:00",1602459,65,2102,2,USD,1
411003,3,"2016-02-15 00:00:00","2020-01-06 00:00:00",1602459,65,1609,4,USD,1
411004,1,"2016-02-15 00:00:00","2020-01-06 00:00:00",1916734,61,1603,4,USD,1
411004,2,"2016-02-15 00:00:00","2020-01-06 00:00:00",1916734,61,1632,2,USD,1
411004,3,"2016-02-15 00:00:00","2020-01-06 00:00:00",1916734,61,64,1,USD,1
411005,1,"2016-02-15 00:00:00","2020-01-06 00:00:00",211746,9,80,1,CAD,1.2976
411005,2,"2016-02-15 00:00:00","2020-01-06 00:00:00",211746,9,1008,2,CAD,1.2976
411005,3,"2016-02-15 00:00:00","2020-01-06 00:00:00",211746,9,125,2,CAD,1.2976
411006,1,"2016-02-15 00:00:00","2020-01-06 00:00:00",1627570,63,2090,2,USD,1
411006,2,"2016-02-15 00:00:00","2020-01-06 00:00:00",1627570,63,99,3,USD,1
411006,4,"2016-02-15 00:00:00","2020-01-06 00:00:00",1627570,63,93,8,USD,1
411007,1,"2016-02-15 00:00:00","2020-01-06 00:00:00",950191,39,1599,3,GBP,0.7613
411007,2,"2016-02-15 00:00:00","2020-01-06 00:00:00",950191,39,72,1,GBP,0.7613
411007,3,"2016-02-15 00:00:00","2020-01-06 00:00:00",950191,39,1381,4,GBP,0.7613
